seed,design,Model,ROC,PR,Rec,F1
1,FULL,S,0.82747906,0.84372565,0.75260805,0.76515152
1,FULL,M,0.82662233,0.84791175,0.75707899,0.76969697
1,FOLD,S,0.82747906,0.84372565,0.75260805,0.76515152
1,FOLD,M,0.82466647,0.84465723,0.75707899,0.76506024
2,FULL,S,0.81651796,0.84294354,0.73919523,0.76073620
2,FULL,M,0.81151811,0.83694867,0.72727273,0.74503817
2,FOLD,S,0.81651520,0.84294242,0.73919523,0.76073620
2,FOLD,M,0.81008289,0.83564427,0.72876304,0.74713522
3,FULL,S,0.81836914,0.85094270,0.74217586,0.75626424
3,FULL,M,0.81112969,0.83811499,0.73770492,0.75399848
3,FOLD,S,0.81836914,0.85094270,0.74217586,0.75626424
3,FOLD,M,0.81498357,0.83991110,0.74813711,0.75830816
4,FULL,S,0.81534444,0.83483161,0.75856930,0.76830189
4,FULL,M,0.81411858,0.83354743,0.76751118,0.76693969
4,FOLD,S,0.81534995,0.83483634,0.75856930,0.76830189
4,FOLD,M,0.81436651,0.83623344,0.75409836,0.76435045
5,FULL,S,0.82011564,0.84717743,0.74515648,0.76628352
5,FULL,M,0.81894764,0.84679942,0.74515648,0.75872534
5,FOLD,S,0.82011564,0.84717743,0.74515648,0.76628352
5,FOLD,M,0.81268887,0.84125753,0.74664680,0.76024279
6,FULL,S,0.80505549,0.82888339,0.74366617,0.75951294
6,FULL,M,0.80217679,0.82380128,0.74664680,0.75736961
6,FOLD,S,0.80505549,0.82888339,0.74366617,0.75951294
6,FOLD,M,0.80309412,0.82432674,0.74366617,0.75778284
7,FULL,S,0.84527742,0.87033666,0.75260805,0.78233927
7,FULL,M,0.83739060,0.86051030,0.75260805,0.77453988
7,FOLD,S,0.84527742,0.87033666,0.75260805,0.78233927
7,FOLD,M,0.83382597,0.85259819,0.74217586,0.76321839
8,FULL,S,0.81196438,0.84262999,0.71236960,0.74396887
8,FULL,M,0.81545463,0.84139524,0.73174367,0.75480400
8,FOLD,S,0.81196438,0.84262999,0.71236960,0.74396887
8,FOLD,M,0.81185143,0.83467836,0.73770492,0.75803982
9,FULL,S,0.81039418,0.83454170,0.73025335,0.75326672
9,FULL,M,0.80034214,0.82965725,0.71684054,0.73435115
9,FOLD,S,0.81039418,0.83454170,0.73025335,0.75326672
9,FOLD,M,0.80023195,0.82574712,0.73174367,0.74904653
10,FULL,S,0.82192826,0.83463142,0.75111773,0.77123183
10,FULL,M,0.81911567,0.83413426,0.75409836,0.76899696
10,FOLD,S,0.82192826,0.83463142,0.75111773,0.77123183
10,FOLD,M,0.81352907,0.83087953,0.74366617,0.76416539
11,FULL,S,0.83085361,0.85489016,0.73770492,0.76684741
11,FULL,M,0.82743223,0.85359029,0.73472429,0.76374903
11,FOLD,S,0.83073240,0.85482518,0.73770492,0.76684741
11,FOLD,M,0.83094452,0.85724935,0.73323398,0.76043277
12,FULL,S,0.81247676,0.83139542,0.69746647,0.74050633
12,FULL,M,0.80402247,0.82548425,0.69895678,0.73858268
12,FOLD,S,0.81247676,0.83139542,0.69746647,0.74050633
12,FOLD,M,0.80019889,0.82583077,0.69448584,0.73155416
13,FULL,S,0.80020991,0.83399515,0.71982116,0.73853211
13,FULL,M,0.79936696,0.82959096,0.71982116,0.73628049
13,FOLD,S,0.80020991,0.83399515,0.71982116,0.73853211
13,FOLD,M,0.79883530,0.82819294,0.73323398,0.74376417
14,FULL,S,0.80071678,0.82588255,0.73919523,0.75609756
14,FULL,M,0.79717144,0.82164597,0.73323398,0.74601971
14,FOLD,S,0.80071678,0.82588255,0.73919523,0.75609756
14,FOLD,M,0.79444425,0.81990968,0.74217586,0.74774775
15,FULL,S,0.81352356,0.83869923,0.73025335,0.75675676
15,FULL,M,0.80509131,0.83603554,0.72280179,0.74329502
15,FOLD,S,0.81352356,0.83869923,0.73025335,0.75675676
15,FOLD,M,0.80278835,0.83387085,0.71236960,0.73651772
16,FULL,S,0.82806031,0.84831430,0.75409836,0.77666922
16,FULL,M,0.81889805,0.83685523,0.74366617,0.76358072
16,FOLD,S,0.82806031,0.84831430,0.75409836,0.77666922
16,FOLD,M,0.81993108,0.84247440,0.74366617,0.76416539
17,FULL,S,0.81652898,0.85081650,0.70789866,0.74980268
17,FULL,M,0.80697555,0.84022170,0.72280179,0.74787972
17,FOLD,S,0.81659233,0.85089157,0.70789866,0.74980268
17,FOLD,M,0.81115724,0.84154493,0.72280179,0.74615385
18,FULL,S,0.83016493,0.85452303,0.74068554,0.76461538
18,FULL,M,0.82602180,0.85018856,0.75856930,0.77532369
18,FOLD,S,0.83020900,0.85454164,0.74068554,0.76461538
18,FOLD,M,0.82742121,0.84880982,0.74664680,0.76197719
19,FULL,S,0.82108807,0.85685258,0.72131148,0.75802662
19,FULL,M,0.81613505,0.85218847,0.72578241,0.75621118
19,FOLD,S,0.82112112,0.85686727,0.72131148,0.75802662
19,FOLD,M,0.81438304,0.84990452,0.71385991,0.75019577
20,FULL,S,0.82681517,0.84326014,0.73621461,0.76175790
20,FULL,M,0.82136079,0.83771107,0.73770492,0.75978511
20,FOLD,S,0.82681517,0.84326014,0.73621461,0.76175790
20,FOLD,M,0.82002198,0.83722798,0.73919523,0.75783040
21,FULL,S,0.81768597,0.84505520,0.72131148,0.74806801
21,FULL,M,0.81093135,0.83901074,0.72578241,0.74464832
21,FOLD,S,0.81768597,0.84505520,0.72131148,0.74806801
21,FOLD,M,0.81306903,0.83887186,0.73025335,0.75268817
22,FULL,S,0.81590365,0.84428826,0.73174367,0.75538462
22,FULL,M,0.81817080,0.84412193,0.74962742,0.75981873
22,FOLD,S,0.81590641,0.84429259,0.73174367,0.75538462
22,FOLD,M,0.81332797,0.84193511,0.74813711,0.76118271
23,FULL,S,0.83842638,0.86004980,0.77496274,0.78907436
23,FULL,M,0.83488104,0.85712078,0.76453055,0.77904328
23,FOLD,S,0.83842638,0.86004980,0.77496274,0.78907436
23,FOLD,M,0.83428877,0.85442670,0.76900149,0.77828054
24,FULL,S,0.80200875,0.83078581,0.71087928,0.74183515
24,FULL,M,0.79520731,0.82674236,0.70640835,0.72811060
24,FOLD,S,0.80200875,0.83078581,0.71087928,0.74183515
24,FOLD,M,0.79652407,0.83178516,0.70640835,0.73204633
25,FULL,S,0.81905232,0.84724881,0.73919523,0.76190476
25,FULL,M,0.80926749,0.84036373,0.74962742,0.75981873
25,FOLD,S,0.81905232,0.84724881,0.73919523,0.76190476
25,FOLD,M,0.81076882,0.84068142,0.74515648,0.75642965
26,FULL,S,0.83487002,0.85569568,0.72131148,0.76521739
26,FULL,M,0.83071036,0.84938146,0.73025335,0.76562500
26,FOLD,S,0.83487002,0.85569568,0.72131148,0.76521739
26,FOLD,M,0.83604354,0.85561140,0.73919523,0.77018634
27,FULL,S,0.82187041,0.84422285,0.74515648,0.76804916
27,FULL,M,0.81496428,0.83988773,0.75409836,0.76550681
27,FOLD,S,0.82187041,0.84422285,0.74515648,0.76804916
27,FOLD,M,0.81514885,0.83895632,0.74068554,0.75474563
28,FULL,S,0.82444058,0.83984703,0.75558867,0.77110266
28,FULL,M,0.81467504,0.83254612,0.75260805,0.76864536
28,FOLD,S,0.82444058,0.83984703,0.75558867,0.77110266
28,FOLD,M,0.81138037,0.82782700,0.75558867,0.76586103
29,FULL,S,0.81901650,0.83844274,0.73174367,0.76006192
29,FULL,M,0.81573561,0.83665767,0.75260805,0.76168929
29,FOLD,S,0.81901650,0.83844274,0.73174367,0.76006192
29,FOLD,M,0.81829752,0.83981375,0.74217586,0.75972540
30,FULL,S,0.81858401,0.84854346,0.70491803,0.74312647
30,FULL,M,0.81785676,0.85017785,0.71982116,0.74652241
30,FOLD,S,0.81858401,0.84854346,0.70491803,0.74312647
30,FOLD,M,0.81926718,0.85108929,0.71684054,0.74747475
31,FULL,S,0.82116244,0.85085557,0.72727273,0.75483372
31,FULL,M,0.81659233,0.84107559,0.74217586,0.76438987
31,FOLD,S,0.82116244,0.85085557,0.72727273,0.75483372
31,FOLD,M,0.81560614,0.84079546,0.73174367,0.75830116
32,FULL,S,0.82952583,0.84738199,0.73323398,0.76456876
32,FULL,M,0.82372986,0.84069957,0.73621461,0.76117103
32,FOLD,S,0.82946522,0.84738901,0.73323398,0.76397516
32,FOLD,M,0.82562236,0.84654363,0.74217586,0.76263400
33,FULL,S,0.82826967,0.85287118,0.73174367,0.76479751
33,FULL,M,0.81857575,0.84880225,0.73919523,0.76015326
33,FOLD,S,0.82827242,0.85287607,0.73174367,0.76479751
33,FOLD,M,0.81616260,0.84363952,0.73770492,0.76153846
34,FULL,S,0.83066629,0.86213434,0.72727273,0.75366795
34,FULL,M,0.81646837,0.85158032,0.72578241,0.75270479
34,FOLD,S,0.83066629,0.86213434,0.72727273,0.75366795
34,FOLD,M,0.82112112,0.85644707,0.72578241,0.75328693
35,FULL,S,0.82964979,0.85693088,0.74515648,0.76863951
35,FULL,M,0.82124509,0.85232144,0.73025335,0.75675676
35,FOLD,S,0.82963602,0.85690901,0.74515648,0.76863951
35,FOLD,M,0.81788706,0.84861262,0.72578241,0.74865488
36,FULL,S,0.81257042,0.83291997,0.74217586,0.75683891
36,FULL,M,0.80641633,0.82229668,0.73472429,0.74980989
36,FOLD,S,0.81257042,0.83291997,0.74217586,0.75683891
36,FOLD,M,0.80760363,0.82587736,0.75856930,0.76026886
37,FULL,S,0.82099991,0.84983900,0.72727273,0.75366795
37,FULL,M,0.81959775,0.85420545,0.74217586,0.76146789
37,FOLD,S,0.82098890,0.84983105,0.72727273,0.75366795
37,FOLD,M,0.81552074,0.84721648,0.74068554,0.75762195
38,FULL,S,0.84417277,0.86959976,0.74664680,0.77314815
38,FULL,M,0.83370752,0.85672288,0.73919523,0.76839659
38,FOLD,S,0.84417277,0.86959976,0.74664680,0.77314815
38,FOLD,M,0.83466892,0.86029578,0.74068554,0.77233877
39,FULL,S,0.85536526,0.86915145,0.76453055,0.78741366
39,FULL,M,0.85561870,0.87297314,0.79284650,0.80060196
39,FOLD,S,0.85537628,0.86915574,0.76453055,0.78741366
39,FOLD,M,0.85703188,0.87310185,0.78688525,0.79338843
40,FULL,S,0.82960847,0.85391749,0.74068554,0.76638396
40,FULL,M,0.82491164,0.84812691,0.74068554,0.76461538
40,FOLD,S,0.82960847,0.85391749,0.74068554,0.76638396
40,FOLD,M,0.82664437,0.84678856,0.74217586,0.76380368
41,FULL,S,0.81127294,0.83800115,0.72727273,0.75250578
41,FULL,M,0.80503621,0.82942718,0.72429210,0.74826790
41,FOLD,S,0.81127845,0.83800286,0.72727273,0.75250578
41,FOLD,M,0.80456791,0.83160559,0.72578241,0.74578867
42,FULL,S,0.82360314,0.85521542,0.70640835,0.75000000
42,FULL,M,0.82181532,0.84804583,0.71087928,0.74941084
42,FOLD,S,0.82352325,0.85514451,0.70640835,0.75000000
42,FOLD,M,0.82106603,0.85191014,0.71535022,0.75235110
43,FULL,S,0.80636124,0.83129666,0.76005961,0.76576577
43,FULL,M,0.80268091,0.82998887,0.75558867,0.75671642
43,FOLD,S,0.80636399,0.83129891,0.76005961,0.76576577
43,FOLD,M,0.80695902,0.82887340,0.75111773,0.75618905
44,FULL,S,0.83575980,0.85454123,0.77794337,0.78851964
44,FULL,M,0.82839914,0.85022251,0.74813711,0.75888133
44,FOLD,S,0.83575980,0.85454123,0.77794337,0.78851964
44,FOLD,M,0.82696392,0.85083450,0.75409836,0.76783005
45,FULL,S,0.80752374,0.82809552,0.72876304,0.75638051
45,FULL,M,0.80832261,0.83014249,0.72578241,0.75503876
45,FOLD,S,0.80752374,0.82809552,0.72876304,0.75638051
45,FOLD,M,0.80518221,0.83197380,0.73025335,0.75326672
46,FULL,S,0.80919311,0.82783728,0.73770492,0.75342466
46,FULL,M,0.80239717,0.82155102,0.74366617,0.75263952
46,FOLD,S,0.80919036,0.82783219,0.73770492,0.75342466
46,FOLD,M,0.80497836,0.82409416,0.72727273,0.74220532
47,FULL,S,0.80871930,0.83001243,0.72876304,0.75172944
47,FULL,M,0.80360099,0.82258013,0.71833085,0.74844720
47,FOLD,S,0.80871930,0.83001243,0.72876304,0.75172944
47,FOLD,M,0.80727306,0.83092720,0.72727273,0.74617737
48,FULL,S,0.82470228,0.84792170,0.71087928,0.75177305
48,FULL,M,0.81566399,0.84133180,0.70491803,0.74371069
48,FOLD,S,0.82470228,0.84792170,0.71087928,0.75177305
48,FOLD,M,0.81703309,0.84477664,0.71833085,0.74902875
49,FULL,S,0.82114592,0.84317036,0.76453055,0.77786202
49,FULL,M,0.81597252,0.83977563,0.75856930,0.76541353
49,FOLD,S,0.82114592,0.84317036,0.76453055,0.77786202
49,FOLD,M,0.81195060,0.83697995,0.76453055,0.77027027
50,FULL,S,0.82757272,0.85282401,0.77198212,0.78012048
50,FULL,M,0.83034674,0.85737744,0.78688525,0.78688525
50,FOLD,S,0.82757272,0.85282401,0.77198212,0.78012048
50,FOLD,M,0.82555350,0.85072767,0.76751118,0.77327327
