seed,Group,Model,ROC,PR,Rec,F1
1,Marginal,S,0.64508015,0.68469449,0.59797297,0.62765957
1,Marginal,M,0.62991400,0.67131086,0.60472973,0.63701068
1,Clear,S,0.89835699,0.89709235,0.87466667,0.86772487
1,Clear,M,0.90092903,0.89816906,0.87466667,0.86772487
2,Marginal,S,0.62682075,0.65745436,0.62950820,0.64537815
2,Marginal,M,0.62863478,0.65765854,0.62622951,0.63666667
2,Clear,S,0.89149234,0.90386283,0.83060109,0.85754584
2,Clear,M,0.88930286,0.89478759,0.83060109,0.85754584
3,Marginal,S,0.65205449,0.67009868,0.60135135,0.62346760
3,Marginal,M,0.65621567,0.66895858,0.61824324,0.63763066
3,Clear,S,0.89184181,0.91544243,0.85333333,0.85790885
3,Clear,M,0.89340565,0.91670762,0.85333333,0.85790885
4,Marginal,S,0.66222012,0.68074858,0.65048544,0.66666667
4,Marginal,M,0.68217697,0.69456951,0.66666667,0.67986799
4,Clear,S,0.88747074,0.89158925,0.85082873,0.85318560
4,Clear,M,0.88986797,0.89448404,0.85082873,0.85200553
5,Marginal,S,0.65038007,0.67600662,0.62500000,0.64572426
5,Marginal,M,0.64736768,0.66904072,0.64189189,0.65857886
5,Clear,S,0.87923810,0.89820612,0.84000000,0.86065574
5,Clear,M,0.87834330,0.89314872,0.84000000,0.86065574
6,Marginal,S,0.65201868,0.68179571,0.63879599,0.65862069
6,Marginal,M,0.65652033,0.69095003,0.64882943,0.66438356
6,Clear,S,0.86919037,0.88121128,0.82795699,0.83923706
6,Clear,M,0.86604237,0.87787774,0.82795699,0.83809524
7,Marginal,S,0.65203704,0.66953435,0.60666667,0.64197531
7,Marginal,M,0.66026455,0.68019348,0.58666667,0.62633452
7,Clear,S,0.91813018,0.92916285,0.87061995,0.89226519
7,Clear,M,0.91559332,0.92663090,0.87061995,0.89226519
8,Marginal,S,0.65397024,0.64737404,0.56313993,0.60000000
8,Marginal,M,0.66636892,0.65090232,0.60409556,0.62989324
8,Clear,S,0.88144435,0.90419221,0.82804233,0.85170068
8,Clear,M,0.88120301,0.90140463,0.82804233,0.85054348
9,Marginal,S,0.63122232,0.65987387,0.58922559,0.62056738
9,Marginal,M,0.63945122,0.66281757,0.58585859,0.61592920
9,Clear,S,0.87529412,0.88839341,0.84224599,0.85481682
9,Clear,M,0.87755793,0.88715459,0.84224599,0.85481682
10,Marginal,S,0.68194961,0.68461595,0.61710037,0.64970646
10,Marginal,M,0.68156960,0.68541555,0.64312268,0.67184466
10,Clear,S,0.87461427,0.87520134,0.84079602,0.84924623
10,Clear,M,0.87554317,0.87340994,0.84079602,0.84924623
11,Marginal,S,0.62708086,0.61631221,0.60153257,0.61932939
11,Marginal,M,0.63357115,0.62927965,0.62835249,0.63813230
11,Clear,S,0.89928171,0.90886055,0.82439024,0.86224490
11,Clear,M,0.90420712,0.91538579,0.82195122,0.86079183
12,Marginal,S,0.64856893,0.69811644,0.54026846,0.60526316
12,Marginal,M,0.63577813,0.68312498,0.53691275,0.59701493
12,Clear,S,0.87771258,0.88097625,0.82305630,0.83879781
12,Clear,M,0.87724046,0.87818754,0.82305630,0.83879781
13,Marginal,S,0.57904313,0.61494315,0.56993007,0.59706960
13,Marginal,M,0.58999146,0.64371547,0.59440559,0.60931900
13,Clear,S,0.87616883,0.89743760,0.83116883,0.83989501
13,Clear,M,0.87400974,0.89525322,0.83376623,0.84031414
14,Marginal,S,0.62563636,0.62435509,0.61538462,0.63423423
14,Marginal,M,0.62062937,0.62857230,0.61188811,0.62724014
14,Clear,S,0.87099567,0.88404663,0.83116883,0.84544254
14,Clear,M,0.86772883,0.88095550,0.83116883,0.84544254
15,Marginal,S,0.64453263,0.66619535,0.60135135,0.64028777
15,Marginal,M,0.64231972,0.67012721,0.60135135,0.63345196
15,Clear,S,0.88222222,0.89428753,0.83200000,0.84438430
15,Clear,M,0.88422222,0.89912966,0.83200000,0.84324324
16,Marginal,S,0.68163355,0.71045819,0.64137931,0.66786355
16,Marginal,M,0.66903857,0.68666199,0.63103448,0.65474061
16,Clear,S,0.88657975,0.89537176,0.83989501,0.85790885
16,Clear,M,0.88031496,0.88722655,0.83989501,0.85790885
17,Marginal,S,0.64601316,0.67926812,0.56457565,0.61077844
17,Marginal,M,0.64318948,0.66874445,0.56457565,0.60236220
17,Clear,S,0.88204180,0.90765205,0.80500000,0.84073107
17,Clear,M,0.88380225,0.90697209,0.80750000,0.84224250
18,Marginal,S,0.65408065,0.63616919,0.58712121,0.60428850
18,Marginal,M,0.66149040,0.65972020,0.60227273,0.62598425
18,Clear,S,0.89522155,0.90929363,0.84029484,0.86912325
18,Clear,M,0.89952554,0.91408037,0.84275184,0.86945501
19,Marginal,S,0.66625460,0.68924274,0.61774744,0.64412811
19,Marginal,M,0.66399721,0.67477463,0.65187713,0.66319444
19,Clear,S,0.89774717,0.92254514,0.80158730,0.84755245
19,Clear,M,0.89540586,0.91975995,0.80423280,0.84916201
20,Marginal,S,0.65578547,0.68109983,0.57770270,0.61844485
20,Marginal,M,0.64648086,0.66591973,0.59121622,0.62500000
20,Clear,S,0.89086157,0.89324568,0.86133333,0.86827957
20,Clear,M,0.89031229,0.89318266,0.86133333,0.86944818
21,Marginal,S,0.61035377,0.61074479,0.54838710,0.58285714
21,Marginal,M,0.63131927,0.63858770,0.55913978,0.60115607
21,Clear,S,0.89193641,0.90625423,0.84438776,0.86085826
21,Clear,M,0.89108325,0.90265143,0.84183673,0.85937500
22,Marginal,S,0.65523366,0.67338031,0.60489510,0.62454874
22,Marginal,M,0.65415140,0.66900183,0.60139860,0.61759425
22,Clear,S,0.88496832,0.90209847,0.82597403,0.85254692
22,Clear,M,0.88745787,0.90463351,0.82597403,0.85254692
23,Marginal,S,0.64916295,0.66228932,0.63957597,0.65579710
23,Marginal,M,0.65848925,0.68978293,0.64310954,0.65116279
23,Clear,S,0.90072547,0.91154747,0.87371134,0.88511749
23,Clear,M,0.90123746,0.91275698,0.87371134,0.88511749
24,Marginal,S,0.60850532,0.61588232,0.56794425,0.60594796
24,Marginal,M,0.62436344,0.63318735,0.57142857,0.60966543
24,Clear,S,0.87402450,0.89054026,0.81770833,0.83957219
24,Clear,M,0.87745148,0.89598545,0.81770833,0.83957219
25,Marginal,S,0.68792363,0.71004687,0.58823529,0.63116371
25,Marginal,M,0.67837691,0.68260568,0.59558824,0.62068966
25,Clear,S,0.88704984,0.90592630,0.84210526,0.84528302
25,Clear,M,0.88910195,0.90898132,0.84210526,0.84528302
26,Marginal,S,0.66413367,0.72911843,0.57966102,0.64165103
26,Marginal,M,0.65926580,0.71518813,0.58983051,0.63970588
26,Clear,S,0.89488233,0.90040468,0.83244681,0.85519126
26,Clear,M,0.89456802,0.89961759,0.83244681,0.85402456
27,Marginal,S,0.65898184,0.67746924,0.61290323,0.64285714
27,Marginal,M,0.65395480,0.66955890,0.60931900,0.64150943
27,Clear,S,0.88566410,0.89716252,0.83928571,0.85454545
27,Clear,M,0.88358147,0.89305292,0.84438776,0.85751295
28,Marginal,S,0.66704008,0.70284935,0.61812298,0.65410959
28,Marginal,M,0.66698476,0.71292840,0.60841424,0.64054514
28,Clear,S,0.88739720,0.88902257,0.87292818,0.86456908
28,Clear,M,0.89163532,0.89238977,0.87292818,0.86338798
29,Marginal,S,0.67141716,0.71077219,0.60273973,0.64705882
29,Marginal,M,0.66668714,0.72337815,0.62328767,0.65585586
29,Clear,S,0.88159838,0.88678777,0.83113456,0.84224599
29,Clear,M,0.88043677,0.88427770,0.83113456,0.84224599
30,Marginal,S,0.61126142,0.63946158,0.55208333,0.59107807
30,Marginal,M,0.62617244,0.64687823,0.58333333,0.61764706
30,Clear,S,0.88957298,0.90687488,0.81984334,0.85442177
30,Clear,M,0.88600185,0.90369181,0.81984334,0.85326087
31,Marginal,S,0.62874329,0.63681002,0.55056180,0.59154930
31,Marginal,M,0.63926585,0.65235613,0.58426966,0.61417323
31,Clear,S,0.88939636,0.90951450,0.84405941,0.85678392
31,Clear,M,0.88280102,0.89628359,0.84405941,0.85678392
32,Marginal,S,0.67320919,0.71404282,0.59136213,0.63685152
32,Marginal,M,0.66650638,0.70822932,0.61461794,0.65255732
32,Clear,S,0.88622744,0.89276109,0.84864865,0.86145405
32,Clear,M,0.88613246,0.89811724,0.84864865,0.86145405
33,Marginal,S,0.64825041,0.66465687,0.57966102,0.62068966
33,Marginal,M,0.64475123,0.67214910,0.60000000,0.61888112
33,Clear,S,0.89290901,0.90667702,0.85106383,0.87312415
33,Clear,M,0.89663968,0.91061308,0.85106383,0.87312415
34,Marginal,S,0.65510201,0.64909339,0.58007117,0.59816514
34,Marginal,M,0.65643476,0.65239339,0.57651246,0.59889094
34,Clear,S,0.90272325,0.92403155,0.83333333,0.86666667
34,Clear,M,0.90237843,0.92552586,0.83333333,0.86666667
35,Marginal,S,0.64683621,0.66495716,0.60810811,0.64056940
35,Marginal,M,0.64355933,0.67327332,0.58445946,0.62007168
35,Clear,S,0.89916883,0.91591073,0.85333333,0.86603518
35,Clear,M,0.89767965,0.91563980,0.85333333,0.86603518
36,Marginal,S,0.62250577,0.65000756,0.57755776,0.61511424
36,Marginal,M,0.63667371,0.68004874,0.59405941,0.62827225
36,Clear,S,0.88323316,0.89194524,0.87771739,0.86479250
36,Clear,M,0.88380903,0.89102071,0.87500000,0.86327078
37,Marginal,S,0.60299656,0.61995311,0.55326460,0.58759124
37,Marginal,M,0.62265292,0.65423215,0.59793814,0.61159930
37,Clear,S,0.89861639,0.91355553,0.86052632,0.87550201
37,Clear,M,0.90359920,0.91978181,0.85789474,0.87399464
38,Marginal,S,0.67903568,0.69315695,0.63258786,0.65131579
38,Marginal,M,0.66330512,0.68338678,0.62300319,0.64569536
38,Clear,S,0.92606275,0.93412468,0.84636872,0.88081395
38,Clear,M,0.92338960,0.92898783,0.84636872,0.88081395
39,Marginal,S,0.68102380,0.69420492,0.61056106,0.64912281
39,Marginal,M,0.67394967,0.70915527,0.62046205,0.64827586
39,Clear,S,0.92045373,0.91846491,0.89130435,0.89495225
39,Clear,M,0.92322476,0.91918208,0.89130435,0.89495225
40,Marginal,S,0.66608560,0.67994194,0.60763889,0.63176895
40,Marginal,M,0.66130952,0.67473615,0.61111111,0.62857143
40,Clear,S,0.89041881,0.90558392,0.84073107,0.86675639
40,Clear,M,0.89035707,0.90149551,0.84073107,0.86559140
41,Marginal,S,0.62730672,0.64148031,0.54651163,0.58750000
41,Marginal,M,0.64167867,0.66269196,0.56201550,0.59917355
41,Clear,S,0.86811945,0.88773017,0.84019370,0.84944920
41,Clear,M,0.87065606,0.88876384,0.84019370,0.84841076
42,Marginal,S,0.65442289,0.67928433,0.58766234,0.62521589
42,Marginal,M,0.66079904,0.69161046,0.58116883,0.62369338
42,Clear,S,0.89460923,0.91349436,0.80716253,0.85547445
42,Clear,M,0.89038266,0.90950782,0.80991736,0.85714286
43,Marginal,S,0.66449318,0.67442177,0.63265306,0.65840708
43,Marginal,M,0.65913004,0.66945904,0.60544218,0.63799283
43,Clear,S,0.87317418,0.88950200,0.85941645,0.84485007
43,Clear,M,0.87727675,0.89058941,0.85941645,0.84485007
44,Marginal,S,0.66870827,0.67202367,0.64930556,0.67025090
44,Marginal,M,0.66346268,0.68288163,0.63541667,0.65827338
44,Clear,S,0.89506121,0.90357043,0.87467363,0.87467363
44,Clear,M,0.89198400,0.90173033,0.87467363,0.87467363
45,Marginal,S,0.67490660,0.71013196,0.62671233,0.66064982
45,Marginal,M,0.65871731,0.68424359,0.60616438,0.64363636
45,Clear,S,0.85895824,0.86955118,0.80738786,0.82814614
45,Clear,M,0.86362702,0.87194336,0.80738786,0.82814614
46,Marginal,S,0.64677102,0.68866303,0.59424920,0.63050847
46,Marginal,M,0.64528721,0.69852836,0.60702875,0.63333333
46,Clear,S,0.87765918,0.88193896,0.86312849,0.85359116
46,Clear,M,0.87838063,0.87936478,0.86312849,0.85359116
47,Marginal,S,0.64004761,0.66785739,0.58085809,0.62300885
47,Marginal,M,0.64736515,0.69607665,0.58085809,0.62081129
47,Clear,S,0.88343581,0.88951951,0.85054348,0.85054348
47,Clear,M,0.88048053,0.88900866,0.85054348,0.85054348
48,Marginal,S,0.66719409,0.72884054,0.61075949,0.64873950
48,Marginal,M,0.66028203,0.72210198,0.59810127,0.63743676
48,Clear,S,0.88834991,0.89536905,0.80000000,0.84272997
48,Clear,M,0.88848490,0.89667343,0.80000000,0.84272997
49,Marginal,S,0.67058875,0.67441494,0.65034965,0.67027027
49,Marginal,M,0.67951861,0.68491100,0.65734266,0.67262970
49,Clear,S,0.88423377,0.89765887,0.84935065,0.85602094
49,Clear,M,0.88203463,0.89313531,0.84935065,0.85602094
50,Marginal,S,0.68234047,0.68313391,0.64583333,0.66074600
50,Marginal,M,0.67854752,0.67161027,0.62152778,0.64504505
50,Clear,S,0.88632462,0.90743944,0.86684073,0.86797386
50,Clear,M,0.89573125,0.91340099,0.86684073,0.86684073
