seed,tau,Group,rs,rm
1,0.3,Overall,0.9299552906110283,0.9344262295081968
1,0.3,High-Risk,0.9763779527559056,0.9803149606299213
1,0.3,Low-Risk,0.8701298701298701,0.8701298701298701
1,0.4,Overall,0.8479880774962743,0.8807749627421758
1,0.4,High-Risk,0.9291338582677166,0.9566929133858267
1,0.4,Low-Risk,0.7337662337662337,0.7922077922077922
1,0.5,Overall,0.7526080476900149,0.7391952309985097
1,0.5,High-Risk,0.8740157480314961,0.8700787401574803
1,0.5,Low-Risk,0.5714285714285714,0.551948051948052
1,0.6,Overall,0.6423248882265276,0.6080476900149031
1,0.6,High-Risk,0.7913385826771654,0.7637795275590551
1,0.6,Low-Risk,0.42207792207792205,0.37662337662337664
1,0.7,Overall,0.488822652757079,0.4366616989567809
1,0.7,High-Risk,0.6299212598425197,0.5708661417322834
1,0.7,Low-Risk,0.21428571428571427,0.22727272727272727
2,0.3,Overall,0.9076005961251863,0.9225037257824144
2,0.3,High-Risk,0.9620253164556962,0.9704641350210971
2,0.3,Low-Risk,0.8421052631578947,0.8618421052631579
2,0.4,Overall,0.8226527570789866,0.8360655737704918
2,0.4,High-Risk,0.9113924050632911,0.9240506329113924
2,0.4,Low-Risk,0.7105263157894737,0.7302631578947368
2,0.5,Overall,0.7391952309985097,0.7257824143070045
2,0.5,High-Risk,0.8734177215189873,0.8565400843881856
2,0.5,Low-Risk,0.5723684210526315,0.5723684210526315
2,0.6,Overall,0.6110283159463488,0.5543964232488823
2,0.6,High-Risk,0.7763713080168776,0.7552742616033755
2,0.6,Low-Risk,0.4144736842105263,0.3815789473684211
2,0.7,Overall,0.45305514157973176,0.3919523099850969
2,0.7,High-Risk,0.6624472573839663,0.5569620253164557
2,0.7,Low-Risk,0.2631578947368421,0.2236842105263158
3,0.3,Overall,0.9180327868852459,0.9388971684053651
3,0.3,High-Risk,0.9802371541501976,0.9881422924901185
3,0.3,Low-Risk,0.8475609756097561,0.9024390243902439
3,0.4,Overall,0.8450074515648286,0.849478390461997
3,0.4,High-Risk,0.9407114624505929,0.9407114624505929
3,0.4,Low-Risk,0.725609756097561,0.75
3,0.5,Overall,0.7421758569299552,0.7287630402384501
3,0.5,High-Risk,0.8774703557312253,0.8537549407114624
3,0.5,Low-Risk,0.573170731707317,0.5609756097560976
3,0.6,Overall,0.6184798807749627,0.5901639344262295
3,0.6,High-Risk,0.7944664031620553,0.7549407114624506
3,0.6,Low-Risk,0.38414634146341464,0.36585365853658536
3,0.7,Overall,0.47690014903129657,0.4277198211624441
3,0.7,High-Risk,0.6600790513833992,0.5731225296442688
3,0.7,Low-Risk,0.21951219512195122,0.20121951219512196
4,0.3,Overall,0.9195230998509687,0.940387481371088
4,0.3,High-Risk,0.9808429118773946,0.9961685823754789
4,0.3,Low-Risk,0.8159509202453987,0.8466257668711656
4,0.4,Overall,0.8554396423248882,0.8643815201192251
4,0.4,High-Risk,0.9501915708812261,0.9578544061302682
4,0.4,Low-Risk,0.6993865030674846,0.6809815950920245
4,0.5,Overall,0.7585692995529061,0.7511177347242921
4,0.5,High-Risk,0.8812260536398467,0.89272030651341
4,0.5,Low-Risk,0.5460122699386503,0.50920245398773
4,0.6,Overall,0.6035767511177347,0.5737704918032787
4,0.6,High-Risk,0.7816091954022989,0.7241379310344828
4,0.6,Low-Risk,0.2883435582822086,0.294478527607362
4,0.7,Overall,0.45901639344262296,0.3979135618479881
4,0.7,High-Risk,0.6168582375478927,0.49808429118773945
4,0.7,Low-Risk,0.17791411042944785,0.15950920245398773
5,0.3,Overall,0.910581222056632,0.9254843517138599
5,0.3,High-Risk,0.9755244755244755,0.9895104895104895
5,0.3,Low-Risk,0.8013698630136986,0.8424657534246576
5,0.4,Overall,0.8301043219076006,0.8479880774962743
5,0.4,High-Risk,0.9475524475524476,0.958041958041958
5,0.4,Low-Risk,0.6438356164383562,0.6712328767123288
5,0.5,Overall,0.7451564828614009,0.736214605067064
5,0.5,High-Risk,0.8881118881118881,0.8916083916083916
5,0.5,Low-Risk,0.5547945205479452,0.5205479452054794
5,0.6,Overall,0.6199701937406855,0.5767511177347243
5,0.6,High-Risk,0.8146853146853147,0.7727272727272727
5,0.6,Low-Risk,0.3835616438356164,0.3698630136986301
5,0.7,Overall,0.46944858420268254,0.40536512667660207
5,0.7,High-Risk,0.6538461538461539,0.583916083916084
5,0.7,Low-Risk,0.2191780821917808,0.19863013698630136
6,0.3,Overall,0.9046199701937406,0.9269746646795827
6,0.3,High-Risk,0.9629629629629629,0.9794238683127572
6,0.3,Low-Risk,0.8064516129032258,0.8516129032258064
6,0.4,Overall,0.8301043219076006,0.8390461997019374
6,0.4,High-Risk,0.9300411522633745,0.9382716049382716
6,0.4,Low-Risk,0.7161290322580646,0.7096774193548387
6,0.5,Overall,0.7436661698956781,0.7287630402384501
6,0.5,High-Risk,0.897119341563786,0.8765432098765432
6,0.5,Low-Risk,0.5935483870967742,0.567741935483871
6,0.6,Overall,0.6140089418777943,0.5737704918032787
6,0.6,High-Risk,0.7695473251028807,0.7407407407407407
6,0.6,Low-Risk,0.41935483870967744,0.36129032258064514
6,0.7,Overall,0.45901639344262296,0.39046199701937406
6,0.7,High-Risk,0.6255144032921811,0.5349794238683128
6,0.7,Low-Risk,0.25161290322580643,0.22580645161290322
7,0.3,Overall,0.9284649776453056,0.9418777943368107
7,0.3,High-Risk,0.9768339768339769,0.9845559845559846
7,0.3,Low-Risk,0.8851351351351351,0.8986486486486487
7,0.4,Overall,0.8464977645305514,0.8599105812220567
7,0.4,High-Risk,0.9227799227799228,0.9498069498069498
7,0.4,Low-Risk,0.7364864864864865,0.7702702702702703
7,0.5,Overall,0.7526080476900149,0.7466467958271237
7,0.5,High-Risk,0.8918918918918919,0.8764478764478765
7,0.5,Low-Risk,0.5540540540540541,0.581081081081081
7,0.6,Overall,0.61698956780924,0.5931445603576752
7,0.6,High-Risk,0.7799227799227799,0.7760617760617761
7,0.6,Low-Risk,0.36486486486486486,0.33783783783783783
7,0.7,Overall,0.481371087928465,0.4187779433681073
7,0.7,High-Risk,0.6061776061776062,0.5598455598455598
7,0.7,Low-Risk,0.25,0.21621621621621623
8,0.3,Overall,0.9031296572280179,0.9239940387481371
8,0.3,High-Risk,0.975,0.9857142857142858
8,0.3,Low-Risk,0.8238993710691824,0.8867924528301887
8,0.4,Overall,0.8315946348733234,0.8524590163934426
8,0.4,High-Risk,0.9392857142857143,0.9571428571428572
8,0.4,Low-Risk,0.6981132075471698,0.7547169811320755
8,0.5,Overall,0.7123695976154992,0.7153502235469449
8,0.5,High-Risk,0.8857142857142857,0.9
8,0.5,Low-Risk,0.4968553459119497,0.5031446540880503
8,0.6,Overall,0.6020864381520119,0.5827123695976155
8,0.6,High-Risk,0.8107142857142857,0.8035714285714286
8,0.6,Low-Risk,0.3710691823899371,0.34591194968553457
8,0.7,Overall,0.46646795827123694,0.4068554396423249
8,0.7,High-Risk,0.6642857142857143,0.6142857142857143
8,0.7,Low-Risk,0.2389937106918239,0.18867924528301888
9,0.3,Overall,0.9120715350223547,0.9225037257824144
9,0.3,High-Risk,0.9603174603174603,0.9722222222222222
9,0.3,Low-Risk,0.8201438848920863,0.841726618705036
9,0.4,Overall,0.819672131147541,0.8390461997019374
9,0.4,High-Risk,0.9047619047619048,0.9126984126984127
9,0.4,Low-Risk,0.6618705035971223,0.7122302158273381
9,0.5,Overall,0.7302533532041728,0.7257824143070045
9,0.5,High-Risk,0.8333333333333334,0.8134920634920635
9,0.5,Low-Risk,0.539568345323741,0.5755395683453237
9,0.6,Overall,0.61698956780924,0.5663189269746647
9,0.6,High-Risk,0.746031746031746,0.6825396825396826
9,0.6,Low-Risk,0.38848920863309355,0.38848920863309355
9,0.7,Overall,0.46944858420268254,0.40238450074515647
9,0.7,High-Risk,0.5992063492063492,0.5079365079365079
9,0.7,Low-Risk,0.2517985611510791,0.22302158273381295
10,0.3,Overall,0.9046199701937406,0.9284649776453056
10,0.3,High-Risk,0.9714285714285714,0.9918367346938776
10,0.3,Low-Risk,0.8064516129032258,0.8516129032258064
10,0.4,Overall,0.8375558867362146,0.8584202682563339
10,0.4,High-Risk,0.9224489795918367,0.9551020408163265
10,0.4,Low-Risk,0.6967741935483871,0.7483870967741936
10,0.5,Overall,0.7511177347242921,0.7496274217585693
10,0.5,High-Risk,0.8734693877551021,0.8816326530612245
10,0.5,Low-Risk,0.5612903225806452,0.5225806451612903
10,0.6,Overall,0.6363636363636364,0.5961251862891207
10,0.6,High-Risk,0.8,0.7510204081632653
10,0.6,Low-Risk,0.36774193548387096,0.36129032258064514
10,0.7,Overall,0.503725782414307,0.4426229508196721
10,0.7,High-Risk,0.673469387755102,0.5918367346938775
10,0.7,Low-Risk,0.22580645161290322,0.17419354838709677
11,0.3,Overall,0.8926974664679582,0.9180327868852459
11,0.3,High-Risk,0.9655172413793104,0.9808429118773946
11,0.3,Low-Risk,0.7571428571428571,0.8214285714285714
11,0.4,Overall,0.819672131147541,0.8450074515648286
11,0.4,High-Risk,0.9157088122605364,0.946360153256705
11,0.4,Low-Risk,0.6214285714285714,0.6714285714285714
11,0.5,Overall,0.7377049180327869,0.7406855439642325
11,0.5,High-Risk,0.8812260536398467,0.896551724137931
11,0.5,Low-Risk,0.5,0.4928571428571429
11,0.6,Overall,0.6304023845007451,0.6020864381520119
11,0.6,High-Risk,0.8084291187739464,0.7777777777777778
11,0.6,Low-Risk,0.3357142857142857,0.32142857142857145
11,0.7,Overall,0.503725782414307,0.4456035767511177
11,0.7,High-Risk,0.6590038314176245,0.5900383141762452
11,0.7,Low-Risk,0.22857142857142856,0.19285714285714287
12,0.3,Overall,0.9016393442622951,0.9195230998509687
12,0.3,High-Risk,0.9705882352941176,0.9889705882352942
12,0.3,Low-Risk,0.8525641025641025,0.8782051282051282
12,0.4,Overall,0.8107302533532041,0.8241430700447094
12,0.4,High-Risk,0.9375,0.9522058823529411
12,0.4,Low-Risk,0.7051282051282052,0.7371794871794872
12,0.5,Overall,0.6974664679582713,0.6870342771982116
12,0.5,High-Risk,0.875,0.875
12,0.5,Low-Risk,0.532051282051282,0.5256410256410257
12,0.6,Overall,0.5842026825633383,0.5499254843517138
12,0.6,High-Risk,0.8235294117647058,0.8088235294117647
12,0.6,Low-Risk,0.34615384615384615,0.3141025641025641
12,0.7,Overall,0.45752608047690013,0.3979135618479881
12,0.7,High-Risk,0.7132352941176471,0.6029411764705882
12,0.7,Low-Risk,0.20512820512820512,0.14743589743589744
13,0.3,Overall,0.9031296572280179,0.9225037257824144
13,0.3,High-Risk,0.9883268482490273,0.9922178988326849
13,0.3,Low-Risk,0.7902097902097902,0.8391608391608392
13,0.4,Overall,0.8211624441132638,0.842026825633383
13,0.4,High-Risk,0.9455252918287937,0.9649805447470817
13,0.4,Low-Risk,0.6783216783216783,0.7132867132867133
13,0.5,Overall,0.7198211624441133,0.7213114754098361
13,0.5,High-Risk,0.8949416342412452,0.8793774319066148
13,0.5,Low-Risk,0.5104895104895105,0.5384615384615384
13,0.6,Overall,0.6035767511177347,0.5767511177347243
13,0.6,High-Risk,0.7898832684824902,0.7665369649805448
13,0.6,Low-Risk,0.35664335664335667,0.3356643356643357
13,0.7,Overall,0.47690014903129657,0.4143070044709389
13,0.7,High-Risk,0.6731517509727627,0.6070038910505836
13,0.7,Low-Risk,0.17482517482517482,0.15384615384615385
14,0.3,Overall,0.9031296572280179,0.9135618479880775
14,0.3,High-Risk,0.9634146341463414,0.9715447154471545
14,0.3,Low-Risk,0.8133333333333334,0.8466666666666667
14,0.4,Overall,0.8241430700447094,0.8435171385991058
14,0.4,High-Risk,0.9349593495934959,0.9512195121951219
14,0.4,Low-Risk,0.68,0.72
14,0.5,Overall,0.7391952309985097,0.7347242921013413
14,0.5,High-Risk,0.8943089430894309,0.8699186991869918
14,0.5,Low-Risk,0.5333333333333333,0.56
14,0.6,Overall,0.61698956780924,0.5886736214605067
14,0.6,High-Risk,0.7926829268292683,0.7439024390243902
14,0.6,Low-Risk,0.36666666666666664,0.38666666666666666
14,0.7,Overall,0.47690014903129657,0.4217585692995529
14,0.7,High-Risk,0.6504065040650406,0.5691056910569106
14,0.7,Low-Risk,0.20666666666666667,0.19333333333333333
15,0.3,Overall,0.9061102831594635,0.9090909090909091
15,0.3,High-Risk,0.9681978798586572,0.9823321554770318
15,0.3,Low-Risk,0.8435374149659864,0.8639455782312925
15,0.4,Overall,0.8330849478390462,0.842026825633383
15,0.4,High-Risk,0.9293286219081273,0.9434628975265018
15,0.4,Low-Risk,0.7346938775510204,0.7482993197278912
15,0.5,Overall,0.7302533532041728,0.7406855439642325
15,0.5,High-Risk,0.8692579505300353,0.8939929328621908
15,0.5,Low-Risk,0.5850340136054422,0.6054421768707483
15,0.6,Overall,0.6140089418777943,0.5842026825633383
15,0.6,High-Risk,0.773851590106007,0.7773851590106007
15,0.6,Low-Risk,0.3945578231292517,0.3945578231292517
15,0.7,Overall,0.46497764530551416,0.4172876304023845
15,0.7,High-Risk,0.6360424028268551,0.6113074204946997
15,0.7,Low-Risk,0.25170068027210885,0.2108843537414966
16,0.3,Overall,0.9090909090909091,0.9195230998509687
16,0.3,High-Risk,0.9796610169491525,0.9864406779661017
16,0.3,Low-Risk,0.8301886792452831,0.8490566037735849
16,0.4,Overall,0.8330849478390462,0.849478390461997
16,0.4,High-Risk,0.9322033898305084,0.9322033898305084
16,0.4,Low-Risk,0.6981132075471698,0.7358490566037735
16,0.5,Overall,0.7540983606557377,0.7317436661698957
16,0.5,High-Risk,0.8779661016949153,0.864406779661017
16,0.5,Low-Risk,0.5911949685534591,0.5471698113207547
16,0.6,Overall,0.6274217585692996,0.587183308494784
16,0.6,High-Risk,0.8101694915254237,0.7627118644067796
16,0.6,Low-Risk,0.39622641509433965,0.3710691823899371
16,0.7,Overall,0.47690014903129657,0.4098360655737705
16,0.7,High-Risk,0.6779661016949152,0.576271186440678
16,0.7,Low-Risk,0.23270440251572327,0.22012578616352202
17,0.3,Overall,0.8837555886736215,0.9239940387481371
17,0.3,High-Risk,0.9759036144578314,0.9879518072289156
17,0.3,Low-Risk,0.8223684210526315,0.9013157894736842
17,0.4,Overall,0.8002980625931445,0.827123695976155
17,0.4,High-Risk,0.9397590361445783,0.9558232931726908
17,0.4,Low-Risk,0.6907894736842105,0.743421052631579
17,0.5,Overall,0.7078986587183308,0.7123695976154992
17,0.5,High-Risk,0.8755020080321285,0.8875502008032129
17,0.5,Low-Risk,0.5592105263157895,0.5657894736842105
17,0.6,Overall,0.6110283159463488,0.5961251862891207
17,0.6,High-Risk,0.7831325301204819,0.8072289156626506
17,0.6,Low-Risk,0.4407894736842105,0.3881578947368421
17,0.7,Overall,0.4798807749627422,0.4157973174366617
17,0.7,High-Risk,0.6666666666666666,0.606425702811245
17,0.7,Low-Risk,0.2894736842105263,0.21710526315789475
18,0.3,Overall,0.9031296572280179,0.9239940387481371
18,0.3,High-Risk,0.9764705882352941,0.996078431372549
18,0.3,Low-Risk,0.8142857142857143,0.8428571428571429
18,0.4,Overall,0.8301043219076006,0.8554396423248882
18,0.4,High-Risk,0.9411764705882353,0.9568627450980393
18,0.4,Low-Risk,0.6714285714285714,0.7071428571428572
18,0.5,Overall,0.7406855439642325,0.7302533532041728
18,0.5,High-Risk,0.9019607843137255,0.8745098039215686
18,0.5,Low-Risk,0.4857142857142857,0.5
18,0.6,Overall,0.6229508196721312,0.5916542473919523
18,0.6,High-Risk,0.8117647058823529,0.788235294117647
18,0.6,Low-Risk,0.3357142857142857,0.32857142857142857
18,0.7,Overall,0.5096870342771982,0.4485842026825633
18,0.7,High-Risk,0.6862745098039216,0.611764705882353
18,0.7,Low-Risk,0.20714285714285716,0.17857142857142858
19,0.3,Overall,0.8882265275707899,0.9120715350223547
19,0.3,High-Risk,0.968503937007874,0.9803149606299213
19,0.3,Low-Risk,0.7465753424657534,0.8082191780821918
19,0.4,Overall,0.8137108792846498,0.8315946348733234
19,0.4,High-Risk,0.9173228346456693,0.9291338582677166
19,0.4,Low-Risk,0.6027397260273972,0.6506849315068494
19,0.5,Overall,0.7213114754098361,0.7257824143070045
19,0.5,High-Risk,0.8779527559055118,0.8661417322834646
19,0.5,Low-Risk,0.4589041095890411,0.4863013698630137
19,0.6,Overall,0.6080476900149031,0.5707898658718331
19,0.6,High-Risk,0.7795275590551181,0.7086614173228346
19,0.6,Low-Risk,0.3150684931506849,0.3082191780821918
19,0.7,Overall,0.45156482861400893,0.3979135618479881
19,0.7,High-Risk,0.5905511811023622,0.5354330708661418
19,0.7,Low-Risk,0.17123287671232876,0.1506849315068493
20,0.3,Overall,0.9225037257824144,0.9374068554396423
20,0.3,High-Risk,0.9718875502008032,0.9839357429718876
20,0.3,Low-Risk,0.8266666666666667,0.8533333333333334
20,0.4,Overall,0.8390461997019374,0.8643815201192251
20,0.4,High-Risk,0.9397590361445783,0.9558232931726908
20,0.4,Low-Risk,0.6533333333333333,0.7133333333333334
20,0.5,Overall,0.736214605067064,0.7600596125186289
20,0.5,High-Risk,0.8955823293172691,0.9116465863453815
20,0.5,Low-Risk,0.5266666666666666,0.5333333333333333
20,0.6,Overall,0.6333830104321908,0.5961251862891207
20,0.6,High-Risk,0.8112449799196787,0.7991967871485943
20,0.6,Low-Risk,0.36,0.2866666666666667
20,0.7,Overall,0.481371087928465,0.43219076005961254
20,0.7,High-Risk,0.6586345381526104,0.6104417670682731
20,0.7,Low-Risk,0.18666666666666668,0.16666666666666666
21,0.3,Overall,0.9090909090909091,0.9359165424739195
21,0.3,High-Risk,0.9710743801652892,0.9834710743801653
21,0.3,Low-Risk,0.8092105263157895,0.868421052631579
21,0.4,Overall,0.8360655737704918,0.8599105812220567
21,0.4,High-Risk,0.9380165289256198,0.9586776859504132
21,0.4,Low-Risk,0.7236842105263158,0.7302631578947368
21,0.5,Overall,0.7213114754098361,0.7332339791356185
21,0.5,High-Risk,0.8512396694214877,0.8842975206611571
21,0.5,Low-Risk,0.5328947368421053,0.5328947368421053
21,0.6,Overall,0.6095380029806259,0.5737704918032787
21,0.6,High-Risk,0.7975206611570248,0.756198347107438
21,0.6,Low-Risk,0.3618421052631579,0.3684210526315789
21,0.7,Overall,0.4932935916542474,0.4277198211624441
21,0.7,High-Risk,0.71900826446281,0.6239669421487604
21,0.7,Low-Risk,0.2236842105263158,0.17763157894736842
22,0.3,Overall,0.9001490312965723,0.9210134128166915
22,0.3,High-Risk,0.9742489270386266,0.9828326180257511
22,0.3,Low-Risk,0.7716049382716049,0.808641975308642
22,0.4,Overall,0.8256333830104322,0.8464977645305514
22,0.4,High-Risk,0.9184549356223176,0.9356223175965666
22,0.4,Low-Risk,0.6666666666666666,0.7037037037037037
22,0.5,Overall,0.7317436661698957,0.7302533532041728
22,0.5,High-Risk,0.8669527896995708,0.871244635193133
22,0.5,Low-Risk,0.5246913580246914,0.5123456790123457
22,0.6,Overall,0.6140089418777943,0.5782414307004471
22,0.6,High-Risk,0.7896995708154506,0.7253218884120172
22,0.6,Low-Risk,0.3395061728395062,0.30864197530864196
22,0.7,Overall,0.47391952309985097,0.4202682563338301
22,0.7,High-Risk,0.648068669527897,0.5793991416309013
22,0.7,Low-Risk,0.20987654320987653,0.14814814814814814
23,0.3,Overall,0.9269746646795827,0.9374068554396423
23,0.3,High-Risk,0.9923076923076923,0.9923076923076923
23,0.3,Low-Risk,0.8367346938775511,0.8571428571428571
23,0.4,Overall,0.8435171385991058,0.8584202682563339
23,0.4,High-Risk,0.9653846153846154,0.9692307692307692
23,0.4,Low-Risk,0.6326530612244898,0.7074829931972789
23,0.5,Overall,0.7749627421758569,0.7555886736214605
23,0.5,High-Risk,0.9346153846153846,0.926923076923077
23,0.5,Low-Risk,0.5102040816326531,0.48299319727891155
23,0.6,Overall,0.6512667660208644,0.6110283159463488
23,0.6,High-Risk,0.8461538461538461,0.8038461538461539
23,0.6,Low-Risk,0.3129251700680272,0.30612244897959184
23,0.7,Overall,0.5052160953800298,0.4262295081967213
23,0.7,High-Risk,0.7,0.6
23,0.7,Low-Risk,0.14965986394557823,0.1292517006802721
24,0.3,Overall,0.8956780923994039,0.9225037257824144
24,0.3,High-Risk,0.9576923076923077,0.9730769230769231
24,0.3,Low-Risk,0.8,0.8733333333333333
24,0.4,Overall,0.8107302533532041,0.8390461997019374
24,0.4,High-Risk,0.9038461538461539,0.9230769230769231
24,0.4,Low-Risk,0.6533333333333333,0.7066666666666667
24,0.5,Overall,0.7108792846497765,0.7302533532041728
24,0.5,High-Risk,0.8538461538461538,0.8615384615384616
24,0.5,Low-Risk,0.4533333333333333,0.5266666666666666
24,0.6,Overall,0.6020864381520119,0.563338301043219
24,0.6,High-Risk,0.7576923076923077,0.7038461538461539
24,0.6,Low-Risk,0.36,0.31333333333333335
24,0.7,Overall,0.46795827123695977,0.38450074515648286
24,0.7,High-Risk,0.5923076923076923,0.5
24,0.7,Low-Risk,0.26,0.18
25,0.3,Overall,0.9061102831594635,0.9269746646795827
25,0.3,High-Risk,0.967479674796748,0.983739837398374
25,0.3,Low-Risk,0.7843137254901961,0.8300653594771242
25,0.4,Overall,0.842026825633383,0.8614008941877794
25,0.4,High-Risk,0.9471544715447154,0.9634146341463414
25,0.4,Low-Risk,0.6993464052287581,0.7124183006535948
25,0.5,Overall,0.7391952309985097,0.7540983606557377
25,0.5,High-Risk,0.9024390243902439,0.9024390243902439
25,0.5,Low-Risk,0.5294117647058824,0.5686274509803921
25,0.6,Overall,0.6378539493293591,0.6050670640834576
25,0.6,High-Risk,0.8333333333333334,0.7926829268292683
25,0.6,Low-Risk,0.39215686274509803,0.35947712418300654
25,0.7,Overall,0.5007451564828614,0.43517138599105815
25,0.7,High-Risk,0.6707317073170732,0.6178861788617886
25,0.7,Low-Risk,0.20915032679738563,0.16339869281045752
26,0.3,Overall,0.9061102831594635,0.9329359165424739
26,0.3,High-Risk,0.96484375,0.98046875
26,0.3,Low-Risk,0.8027210884353742,0.8571428571428571
26,0.4,Overall,0.8256333830104322,0.8450074515648286
26,0.4,High-Risk,0.93359375,0.95703125
26,0.4,Low-Risk,0.6394557823129252,0.6802721088435374
26,0.5,Overall,0.7213114754098361,0.7347242921013413
26,0.5,High-Risk,0.8828125,0.90234375
26,0.5,Low-Risk,0.4965986394557823,0.4897959183673469
26,0.6,Overall,0.6050670640834576,0.5573770491803278
26,0.6,High-Risk,0.76953125,0.74609375
26,0.6,Low-Risk,0.3197278911564626,0.2653061224489796
26,0.7,Overall,0.46646795827123694,0.4098360655737705
26,0.7,High-Risk,0.64453125,0.5703125
26,0.7,Low-Risk,0.14285714285714285,0.1564625850340136
27,0.3,Overall,0.9061102831594635,0.9284649776453056
27,0.3,High-Risk,0.984375,0.9921875
27,0.3,Low-Risk,0.8356164383561644,0.8698630136986302
27,0.4,Overall,0.8301043219076006,0.849478390461997
27,0.4,High-Risk,0.9296875,0.9453125
27,0.4,Low-Risk,0.726027397260274,0.7534246575342466
27,0.5,Overall,0.7451564828614009,0.7377049180327869
27,0.5,High-Risk,0.86328125,0.86328125
27,0.5,Low-Risk,0.5547945205479452,0.5753424657534246
27,0.6,Overall,0.61698956780924,0.5842026825633383
27,0.6,High-Risk,0.76953125,0.7421875
27,0.6,Low-Risk,0.410958904109589,0.3972602739726027
27,0.7,Overall,0.4903129657228018,0.4038748137108793
27,0.7,High-Risk,0.65234375,0.5625
27,0.7,Low-Risk,0.2876712328767123,0.19863013698630136
28,0.3,Overall,0.9314456035767511,0.9418777943368107
28,0.3,High-Risk,0.9647058823529412,0.9803921568627451
28,0.3,Low-Risk,0.8766233766233766,0.8831168831168831
28,0.4,Overall,0.849478390461997,0.8777943368107303
28,0.4,High-Risk,0.9254901960784314,0.9529411764705882
28,0.4,Low-Risk,0.7597402597402597,0.7662337662337663
28,0.5,Overall,0.7555886736214605,0.7555886736214605
28,0.5,High-Risk,0.8549019607843137,0.8666666666666667
28,0.5,Low-Risk,0.6103896103896104,0.5974025974025974
28,0.6,Overall,0.6304023845007451,0.5886736214605067
28,0.6,High-Risk,0.7843137254901961,0.7372549019607844
28,0.6,Low-Risk,0.38961038961038963,0.35714285714285715
28,0.7,Overall,0.47093889716840537,0.4038748137108793
28,0.7,High-Risk,0.615686274509804,0.5333333333333333
28,0.7,Low-Risk,0.22077922077922077,0.18181818181818182
29,0.3,Overall,0.9046199701937406,0.9314456035767511
29,0.3,High-Risk,0.9556451612903226,0.9717741935483871
29,0.3,Low-Risk,0.847682119205298,0.9006622516556292
29,0.4,Overall,0.834575260804769,0.8464977645305514
29,0.4,High-Risk,0.9153225806451613,0.9233870967741935
29,0.4,Low-Risk,0.7218543046357616,0.7549668874172185
29,0.5,Overall,0.7317436661698957,0.7526080476900149
29,0.5,High-Risk,0.8467741935483871,0.8629032258064516
29,0.5,Low-Risk,0.5562913907284768,0.6357615894039735
29,0.6,Overall,0.6229508196721312,0.5812220566318927
29,0.6,High-Risk,0.7862903225806451,0.75
29,0.6,Low-Risk,0.3973509933774834,0.36423841059602646
29,0.7,Overall,0.46944858420268254,0.40238450074515647
29,0.7,High-Risk,0.6330645161290323,0.5766129032258065
29,0.7,Low-Risk,0.2185430463576159,0.1390728476821192
30,0.3,Overall,0.8971684053651267,0.9165424739195231
30,0.3,High-Risk,0.9688715953307393,0.980544747081712
30,0.3,Low-Risk,0.7748344370860927,0.8344370860927153
30,0.4,Overall,0.8256333830104322,0.8360655737704918
30,0.4,High-Risk,0.9182879377431906,0.9299610894941635
30,0.4,Low-Risk,0.6754966887417219,0.695364238410596
30,0.5,Overall,0.7049180327868853,0.7242921013412816
30,0.5,High-Risk,0.8638132295719845,0.8521400778210116
30,0.5,Low-Risk,0.45695364238410596,0.5231788079470199
30,0.6,Overall,0.6080476900149031,0.5812220566318927
30,0.6,High-Risk,0.7665369649805448,0.7276264591439688
30,0.6,Low-Risk,0.3509933774834437,0.33774834437086093
30,0.7,Overall,0.46795827123695977,0.4232488822652757
30,0.7,High-Risk,0.6381322957198443,0.5642023346303502
30,0.7,Low-Risk,0.2119205298013245,0.1986754966887417
31,0.3,Overall,0.9061102831594635,0.9269746646795827
31,0.3,High-Risk,0.9609375,0.98828125
31,0.3,Low-Risk,0.8013698630136986,0.8287671232876712
31,0.4,Overall,0.8181818181818182,0.8524590163934426
31,0.4,High-Risk,0.9140625,0.94140625
31,0.4,Low-Risk,0.6575342465753424,0.7123287671232876
31,0.5,Overall,0.7272727272727273,0.7302533532041728
31,0.5,High-Risk,0.8671875,0.890625
31,0.5,Low-Risk,0.5068493150684932,0.5136986301369864
31,0.6,Overall,0.6274217585692996,0.5931445603576752
31,0.6,High-Risk,0.79296875,0.78125
31,0.6,Low-Risk,0.3561643835616438,0.3356164383561644
31,0.7,Overall,0.5081967213114754,0.4232488822652757
31,0.7,High-Risk,0.66796875,0.59375
31,0.7,Low-Risk,0.2191780821917808,0.1643835616438356
32,0.3,Overall,0.9165424739195231,0.9433681073025335
32,0.3,High-Risk,0.9688715953307393,0.9844357976653697
32,0.3,Low-Risk,0.8451612903225807,0.9032258064516129
32,0.4,Overall,0.842026825633383,0.8599105812220567
32,0.4,High-Risk,0.9377431906614786,0.9416342412451362
32,0.4,Low-Risk,0.7161290322580646,0.7419354838709677
32,0.5,Overall,0.7332339791356185,0.7347242921013413
32,0.5,High-Risk,0.8638132295719845,0.867704280155642
32,0.5,Low-Risk,0.535483870967742,0.5483870967741935
32,0.6,Overall,0.6140089418777943,0.5856929955290611
32,0.6,High-Risk,0.7782101167315175,0.7392996108949417
32,0.6,Low-Risk,0.38064516129032255,0.3870967741935484
32,0.7,Overall,0.46646795827123694,0.39940387481371087
32,0.7,High-Risk,0.603112840466926,0.5330739299610895
32,0.7,Low-Risk,0.22580645161290322,0.17419354838709677
33,0.3,Overall,0.9165424739195231,0.9239940387481371
33,0.3,High-Risk,0.9717741935483871,0.9798387096774194
33,0.3,Low-Risk,0.8243243243243243,0.8445945945945946
33,0.4,Overall,0.842026825633383,0.8539493293591655
33,0.4,High-Risk,0.9314516129032258,0.9395161290322581
33,0.4,Low-Risk,0.6824324324324325,0.7094594594594594
33,0.5,Overall,0.7317436661698957,0.7272727272727273
33,0.5,High-Risk,0.8629032258064516,0.875
33,0.5,Low-Risk,0.5067567567567568,0.47297297297297297
33,0.6,Overall,0.6125186289120715,0.5901639344262295
33,0.6,High-Risk,0.7862903225806451,0.7782258064516129
33,0.6,Low-Risk,0.35135135135135137,0.3108108108108108
33,0.7,Overall,0.47690014903129657,0.4143070044709389
33,0.7,High-Risk,0.6532258064516129,0.5766129032258065
33,0.7,Low-Risk,0.20945945945945946,0.18243243243243243
34,0.3,Overall,0.9031296572280179,0.9329359165424739
34,0.3,High-Risk,0.9723320158102767,0.9802371541501976
34,0.3,Low-Risk,0.815068493150685,0.8698630136986302
34,0.4,Overall,0.8405365126676602,0.8479880774962743
34,0.4,High-Risk,0.9446640316205533,0.9367588932806324
34,0.4,Low-Risk,0.678082191780822,0.7054794520547946
34,0.5,Overall,0.7272727272727273,0.7451564828614009
34,0.5,High-Risk,0.8853754940711462,0.8735177865612648
34,0.5,Low-Risk,0.5136986301369864,0.541095890410959
34,0.6,Overall,0.61698956780924,0.6005961251862891
34,0.6,High-Risk,0.8063241106719368,0.7905138339920948
34,0.6,Low-Risk,0.3698630136986301,0.3767123287671233
34,0.7,Overall,0.4843517138599106,0.39046199701937406
34,0.7,High-Risk,0.6640316205533597,0.549407114624506
34,0.7,Low-Risk,0.2191780821917808,0.17123287671232876
35,0.3,Overall,0.9180327868852459,0.9299552906110283
35,0.3,High-Risk,0.9693486590038314,0.9846743295019157
35,0.3,Low-Risk,0.8666666666666667,0.88
35,0.4,Overall,0.8360655737704918,0.8479880774962743
35,0.4,High-Risk,0.9348659003831418,0.9501915708812261
35,0.4,Low-Risk,0.72,0.7466666666666667
35,0.5,Overall,0.7451564828614009,0.7377049180327869
35,0.5,High-Risk,0.896551724137931,0.8888888888888888
35,0.5,Low-Risk,0.5866666666666667,0.58
35,0.6,Overall,0.6184798807749627,0.5827123695976155
35,0.6,High-Risk,0.7816091954022989,0.7586206896551724
35,0.6,Low-Risk,0.4066666666666667,0.36666666666666664
35,0.7,Overall,0.47690014903129657,0.4217585692995529
35,0.7,High-Risk,0.6283524904214559,0.5593869731800766
35,0.7,Low-Risk,0.24666666666666667,0.24666666666666667
36,0.3,Overall,0.9329359165424739,0.9523099850968704
36,0.3,High-Risk,0.9801587301587301,0.9841269841269841
36,0.3,Low-Risk,0.8666666666666667,0.92
36,0.4,Overall,0.856929955290611,0.8628912071535022
36,0.4,High-Risk,0.9246031746031746,0.9365079365079365
36,0.4,Low-Risk,0.7333333333333333,0.7466666666666667
36,0.5,Overall,0.7421758569299552,0.7481371087928465
36,0.5,High-Risk,0.8571428571428571,0.873015873015873
36,0.5,Low-Risk,0.5866666666666667,0.58
36,0.6,Overall,0.6080476900149031,0.5946348733233979
36,0.6,High-Risk,0.746031746031746,0.7420634920634921
36,0.6,Low-Risk,0.4,0.3933333333333333
36,0.7,Overall,0.481371087928465,0.4038748137108793
36,0.7,High-Risk,0.6111111111111112,0.5436507936507936
36,0.7,Low-Risk,0.25333333333333335,0.2
37,0.3,Overall,0.9210134128166915,0.9284649776453056
37,0.3,High-Risk,0.9920948616600791,0.9841897233201581
37,0.3,Low-Risk,0.8243243243243243,0.8581081081081081
37,0.4,Overall,0.8286140089418778,0.849478390461997
37,0.4,High-Risk,0.9446640316205533,0.9565217391304348
37,0.4,Low-Risk,0.6891891891891891,0.7162162162162162
37,0.5,Overall,0.7272727272727273,0.7332339791356185
37,0.5,High-Risk,0.8972332015810277,0.8972332015810277
37,0.5,Low-Risk,0.5067567567567568,0.527027027027027
37,0.6,Overall,0.6289120715350224,0.5842026825633383
37,0.6,High-Risk,0.8379446640316206,0.7786561264822134
37,0.6,Low-Risk,0.35135135135135137,0.33783783783783783
37,0.7,Overall,0.4873323397913562,0.4232488822652757
37,0.7,High-Risk,0.6837944664031621,0.6007905138339921
37,0.7,Low-Risk,0.20270270270270271,0.16216216216216217
38,0.3,Overall,0.9180327868852459,0.9359165424739195
38,0.3,High-Risk,0.9859154929577465,0.9859154929577465
38,0.3,Low-Risk,0.8055555555555556,0.8611111111111112
38,0.4,Overall,0.8464977645305514,0.8479880774962743
38,0.4,High-Risk,0.9471830985915493,0.9471830985915493
38,0.4,Low-Risk,0.6805555555555556,0.7152777777777778
38,0.5,Overall,0.7466467958271237,0.7242921013412816
38,0.5,High-Risk,0.9084507042253521,0.9049295774647887
38,0.5,Low-Risk,0.5277777777777778,0.4930555555555556
38,0.6,Overall,0.6080476900149031,0.5514157973174366
38,0.6,High-Risk,0.8133802816901409,0.75
38,0.6,Low-Risk,0.3333333333333333,0.3125
38,0.7,Overall,0.45156482861400893,0.3859910581222057
38,0.7,High-Risk,0.6443661971830986,0.5809859154929577
38,0.7,Low-Risk,0.2361111111111111,0.1736111111111111
39,0.3,Overall,0.940387481371088,0.9538002980625931
39,0.3,High-Risk,0.9844961240310077,1.0
39,0.3,Low-Risk,0.8666666666666667,0.8962962962962963
39,0.4,Overall,0.8763040238450075,0.8897168405365127
39,0.4,High-Risk,0.9573643410852714,0.9612403100775194
39,0.4,Low-Risk,0.762962962962963,0.7555555555555555
39,0.5,Overall,0.7645305514157973,0.7719821162444114
39,0.5,High-Risk,0.8837209302325582,0.8837209302325582
39,0.5,Low-Risk,0.562962962962963,0.5925925925925926
39,0.6,Overall,0.6616989567809239,0.6184798807749627
39,0.6,High-Risk,0.7790697674418605,0.7674418604651163
39,0.6,Low-Risk,0.4444444444444444,0.3851851851851852
39,0.7,Overall,0.488822652757079,0.44709388971684055
39,0.7,High-Risk,0.6007751937984496,0.5775193798449613
39,0.7,Low-Risk,0.26666666666666666,0.2222222222222222
40,0.3,Overall,0.9090909090909091,0.9254843517138599
40,0.3,High-Risk,0.9461538461538461,0.9730769230769231
40,0.3,Low-Risk,0.8581081081081081,0.8648648648648649
40,0.4,Overall,0.834575260804769,0.8435171385991058
40,0.4,High-Risk,0.9192307692307692,0.926923076923077
40,0.4,Low-Risk,0.7567567567567568,0.777027027027027
40,0.5,Overall,0.7406855439642325,0.7317436661698957
40,0.5,High-Risk,0.8884615384615384,0.8846153846153846
40,0.5,Low-Risk,0.5472972972972973,0.5608108108108109
40,0.6,Overall,0.6274217585692996,0.6095380029806259
40,0.6,High-Risk,0.7961538461538461,0.7692307692307693
40,0.6,Low-Risk,0.3918918918918919,0.42567567567567566
40,0.7,Overall,0.4798807749627422,0.4098360655737705
40,0.7,High-Risk,0.6384615384615384,0.5846153846153846
40,0.7,Low-Risk,0.25,0.21621621621621623
41,0.3,Overall,0.9016393442622951,0.9180327868852459
41,0.3,High-Risk,0.9761904761904762,0.9931972789115646
41,0.3,Low-Risk,0.777027027027027,0.7905405405405406
41,0.4,Overall,0.819672131147541,0.8360655737704918
41,0.4,High-Risk,0.9421768707482994,0.9523809523809523
41,0.4,Low-Risk,0.6351351351351351,0.668918918918919
41,0.5,Overall,0.7272727272727273,0.7332339791356185
41,0.5,High-Risk,0.8945578231292517,0.9013605442176871
41,0.5,Low-Risk,0.4864864864864865,0.4797297297297297
41,0.6,Overall,0.6438152011922503,0.6080476900149031
41,0.6,High-Risk,0.8503401360544217,0.8163265306122449
41,0.6,Low-Risk,0.3581081081081081,0.33783783783783783
41,0.7,Overall,0.5171385991058122,0.46497764530551416
41,0.7,High-Risk,0.7210884353741497,0.6632653061224489
41,0.7,Low-Risk,0.20945945945945946,0.1891891891891892
42,0.3,Overall,0.8956780923994039,0.9195230998509687
42,0.3,High-Risk,0.9835390946502057,0.9917695473251029
42,0.3,Low-Risk,0.7619047619047619,0.8214285714285714
42,0.4,Overall,0.8211624441132638,0.8375558867362146
42,0.4,High-Risk,0.9176954732510288,0.9629629629629629
42,0.4,Low-Risk,0.6666666666666666,0.6666666666666666
42,0.5,Overall,0.706408345752608,0.7123695976154992
42,0.5,High-Risk,0.8559670781893004,0.8683127572016461
42,0.5,Low-Risk,0.4880952380952381,0.47619047619047616
42,0.6,Overall,0.5842026825633383,0.5394932935916542
42,0.6,High-Risk,0.7736625514403292,0.7283950617283951
42,0.6,Low-Risk,0.2916666666666667,0.2619047619047619
42,0.7,Overall,0.4366616989567809,0.3889716840536513
42,0.7,High-Risk,0.5967078189300411,0.5473251028806584
42,0.7,Low-Risk,0.15476190476190477,0.125
43,0.3,Overall,0.9210134128166915,0.9344262295081968
43,0.3,High-Risk,0.9873949579831933,0.9915966386554622
43,0.3,Low-Risk,0.864516129032258,0.8903225806451613
43,0.4,Overall,0.8360655737704918,0.8405365126676602
43,0.4,High-Risk,0.9537815126050421,0.957983193277311
43,0.4,Low-Risk,0.7419354838709677,0.7419354838709677
43,0.5,Overall,0.7600596125186289,0.7466467958271237
43,0.5,High-Risk,0.9159663865546218,0.9243697478991597
43,0.5,Low-Risk,0.6,0.5741935483870968
43,0.6,Overall,0.624441132637854,0.5767511177347243
43,0.6,High-Risk,0.819327731092437,0.8025210084033614
43,0.6,Low-Risk,0.38064516129032255,0.38064516129032255
43,0.7,Overall,0.4828614008941878,0.43517138599105815
43,0.7,High-Risk,0.7058823529411765,0.6134453781512605
43,0.7,Low-Risk,0.2129032258064516,0.22580645161290322
44,0.3,Overall,0.9269746646795827,0.9463487332339792
44,0.3,High-Risk,0.9727626459143969,0.9883268482490273
44,0.3,Low-Risk,0.8333333333333334,0.8913043478260869
44,0.4,Overall,0.8554396423248882,0.8718330849478391
44,0.4,High-Risk,0.933852140077821,0.9494163424124513
44,0.4,Low-Risk,0.7391304347826086,0.7681159420289855
44,0.5,Overall,0.7779433681073026,0.7660208643815202
44,0.5,High-Risk,0.8832684824902723,0.8754863813229572
44,0.5,Low-Risk,0.6304347826086957,0.6014492753623188
44,0.6,Overall,0.65424739195231,0.6154992548435171
44,0.6,High-Risk,0.7821011673151751,0.7626459143968871
44,0.6,Low-Risk,0.4420289855072464,0.41304347826086957
44,0.7,Overall,0.4992548435171386,0.45901639344262296
44,0.7,High-Risk,0.6264591439688716,0.5719844357976653
44,0.7,Low-Risk,0.2391304347826087,0.2608695652173913
45,0.3,Overall,0.8912071535022354,0.9150521609538003
45,0.3,High-Risk,0.9641434262948207,0.9721115537848606
45,0.3,Low-Risk,0.7884615384615384,0.8397435897435898
45,0.4,Overall,0.812220566318927,0.8181818181818182
45,0.4,High-Risk,0.9362549800796812,0.9282868525896414
45,0.4,Low-Risk,0.6474358974358975,0.7051282051282052
45,0.5,Overall,0.7287630402384501,0.7257824143070045
45,0.5,High-Risk,0.8804780876494024,0.8764940239043825
45,0.5,Low-Risk,0.5256410256410257,0.5256410256410257
45,0.6,Overall,0.5961251862891207,0.5588673621460507
45,0.6,High-Risk,0.7689243027888446,0.7211155378486056
45,0.6,Low-Risk,0.3525641025641026,0.32051282051282054
45,0.7,Overall,0.45603576751117736,0.4143070044709389
45,0.7,High-Risk,0.5936254980079682,0.5378486055776892
45,0.7,Low-Risk,0.23717948717948717,0.20512820512820512
46,0.3,Overall,0.9254843517138599,0.9374068554396423
46,0.3,High-Risk,0.976,0.992
46,0.3,Low-Risk,0.8490566037735849,0.8553459119496856
46,0.4,Overall,0.8464977645305514,0.849478390461997
46,0.4,High-Risk,0.94,0.952
46,0.4,Low-Risk,0.710691823899371,0.6918238993710691
46,0.5,Overall,0.7377049180327869,0.7421758569299552
46,0.5,High-Risk,0.864,0.888
46,0.5,Low-Risk,0.5408805031446541,0.5471698113207547
46,0.6,Overall,0.61698956780924,0.5588673621460507
46,0.6,High-Risk,0.752,0.708
46,0.6,Low-Risk,0.389937106918239,0.34591194968553457
46,0.7,Overall,0.46050670640834573,0.37853949329359166
46,0.7,High-Risk,0.568,0.504
46,0.7,Low-Risk,0.2389937106918239,0.1509433962264151
47,0.3,Overall,0.9180327868852459,0.9433681073025335
47,0.3,High-Risk,0.9716312056737588,0.9964539007092199
47,0.3,Low-Risk,0.8205128205128205,0.8717948717948718
47,0.4,Overall,0.827123695976155,0.856929955290611
47,0.4,High-Risk,0.9361702127659575,0.9468085106382979
47,0.4,Low-Risk,0.717948717948718,0.7564102564102564
47,0.5,Overall,0.7287630402384501,0.7347242921013413
47,0.5,High-Risk,0.8936170212765957,0.8936170212765957
47,0.5,Low-Risk,0.5256410256410257,0.5384615384615384
47,0.6,Overall,0.6154992548435171,0.5663189269746647
47,0.6,High-Risk,0.8085106382978723,0.7872340425531915
47,0.6,Low-Risk,0.38461538461538464,0.32051282051282054
47,0.7,Overall,0.46646795827123694,0.4008941877794337
47,0.7,High-Risk,0.6879432624113475,0.5851063829787234
47,0.7,Low-Risk,0.21794871794871795,0.1858974358974359
48,0.3,Overall,0.8941877794336811,0.9165424739195231
48,0.3,High-Risk,0.9553264604810997,0.979381443298969
48,0.3,Low-Risk,0.8104575163398693,0.8300653594771242
48,0.4,Overall,0.812220566318927,0.827123695976155
48,0.4,High-Risk,0.9106529209621993,0.9381443298969072
48,0.4,Low-Risk,0.7124183006535948,0.6928104575163399
48,0.5,Overall,0.7108792846497765,0.6944858420268256
48,0.5,High-Risk,0.8625429553264605,0.8694158075601375
48,0.5,Low-Risk,0.5163398692810458,0.47058823529411764
48,0.6,Overall,0.5827123695976155,0.526080476900149
48,0.6,High-Risk,0.7766323024054983,0.7285223367697594
48,0.6,Low-Risk,0.35947712418300654,0.29411764705882354
48,0.7,Overall,0.4232488822652757,0.3591654247391952
48,0.7,High-Risk,0.6357388316151202,0.5567010309278351
48,0.7,Low-Risk,0.1895424836601307,0.13071895424836602
49,0.3,Overall,0.9135618479880775,0.9225037257824144
49,0.3,High-Risk,0.9769230769230769,0.9884615384615385
49,0.3,Low-Risk,0.7908496732026143,0.8104575163398693
49,0.4,Overall,0.8479880774962743,0.8628912071535022
49,0.4,High-Risk,0.9461538461538461,0.9576923076923077
49,0.4,Low-Risk,0.6666666666666666,0.6862745098039216
49,0.5,Overall,0.7645305514157973,0.7555886736214605
49,0.5,High-Risk,0.8807692307692307,0.9038461538461539
49,0.5,Low-Risk,0.5555555555555556,0.5163398692810458
49,0.6,Overall,0.6095380029806259,0.5707898658718331
49,0.6,High-Risk,0.7615384615384615,0.7192307692307692
49,0.6,Low-Risk,0.35294117647058826,0.2875816993464052
49,0.7,Overall,0.4873323397913562,0.4247391952309985
49,0.7,High-Risk,0.6269230769230769,0.5576923076923077
49,0.7,Low-Risk,0.24183006535947713,0.19607843137254902
50,0.3,Overall,0.9239940387481371,0.9448584202682563
50,0.3,High-Risk,0.969811320754717,0.9735849056603774
50,0.3,Low-Risk,0.8356164383561644,0.8904109589041096
50,0.4,Overall,0.8614008941877794,0.8599105812220567
50,0.4,High-Risk,0.9207547169811321,0.9283018867924528
50,0.4,Low-Risk,0.7191780821917808,0.7191780821917808
50,0.5,Overall,0.7719821162444114,0.7511177347242921
50,0.5,High-Risk,0.8716981132075472,0.8528301886792453
50,0.5,Low-Risk,0.589041095890411,0.5547945205479452
50,0.6,Overall,0.6512667660208644,0.587183308494784
50,0.6,High-Risk,0.7924528301886793,0.7094339622641509
50,0.6,Low-Risk,0.3767123287671233,0.3835616438356164
50,0.7,Overall,0.4947839046199702,0.4277198211624441
50,0.7,High-Risk,0.6150943396226415,0.539622641509434
50,0.7,Low-Risk,0.2465753424657534,0.21232876712328766
