row_id,term_id,value
0,4,1
1,11,0.6239474
1,93,0.78146634
2,52,0.90074644
2,79,0.43434531
3,59,0.57365706
3,90,0.81909559
4,50,1
6,52,1
9,31,1
11,43,1
17,4,1
18,25,1
21,79,1
25,59,1
26,24,1
28,99,1
29,43,0.80924916
29,79,0.58746558
30,59,0.5980397
30,77,0.80146648
31,70,0.80385312
31,79,0.59482784
34,4,0.52587753
34,9,0.55573401
34,86,0.64390413
36,79,1
41,70,1
44,79,1
47,30,1
52,35,0.47849612
52,36,0.43371522
52,37,0.48712294
52,39,0.4471298
52,70,0.30685587
52,79,0.22706439
53,43,1
57,79,1
58,79,1
62,50,0.54906362
62,55,0.61657173
62,58,0.56424148
69,66,0.82837088
69,80,0.56018005
71,50,1
73,72,1
76,60,1
80,4,0.55866176
80,31,0.72806742
80,79,0.3972592
87,79,0.34168644
87,85,0.70859024
87,87,0.61737368
90,35,0.73064885
90,39,0.68275344
91,87,1
94,24,1
97,43,1
100,11,0.66408093
100,28,0.74766069
101,4,0.79545035
101,9,0.42030586
101,56,0.43657957
103,80,1
105,83,1
109,79,1
110,42,0.79207649
110,59,0.61042185
112,80,1
113,79,1
114,79,1
123,19,1
125,79,1
129,4,1
130,70,1
133,4,0.25484154
133,9,0.80793018
133,16,0.34946688
133,26,0.35684517
133,79,0.18121545
134,29,0.71846391
134,30,0.69556424
135,66,0.75209753
135,98,0.65905182
148,79,1
149,60,1
150,19,0.55212624
150,20,0.61272214
150,78,0.56544513
151,31,1
153,63,1
158,53,1
164,69,1
165,79,1
175,43,1
176,63,1
181,80,1
183,61,0.70710678
183,91,0.70710678
186,70,1
187,79,1
200,43,1
201,66,1
203,41,0.64582817
203,70,0.43815109
203,89,0.62524363
207,67,1
210,33,0.48850088
210,34,0.50943432
210,38,0.49821741
210,39,0.50360994
211,93,1
213,96,1
216,79,1
219,59,1
225,79,1
226,5,1
236,24,0.70710678
236,41,0.70710678
237,10,0.62926912
237,56,0.46840801
237,73,0.62017281
244,4,0.5550865
244,66,0.83179263
245,47,1
246,25,1
250,59,1
257,79,1
259,98,1
262,25,0.48889111
262,78,0.87234482
266,9,1
272,70,1
273,4,0.47193393
273,11,0.57482212
273,24,0.6684743
276,79,1
277,79,1
278,79,1
279,79,1
283,21,1
286,70,1
287,54,0.79043204
287,56,0.61254974
288,43,1
299,9,0.82966043
299,79,0.55826837
300,59,0.55675422
300,76,0.83067728
301,81,0.68995054
301,92,0.72385652
303,79,1
309,79,1
310,50,1
313,56,1
319,2,0.73261381
319,4,0.48024243
319,59,0.48233206
327,4,1
336,89,1
347,87,1
348,56,1
351,79,1
356,59,0.7225385
356,70,0.69133068
357,56,1
359,59,1
362,19,1
370,56,0.61254974
370,64,0.79043204
373,79,1
385,87,1
386,47,1
388,70,0.5989422
388,87,0.80079226
396,43,0.80924916
396,79,0.58746558
404,79,0.42871592
404,95,0.90343935
405,69,1
422,59,0.5980397
422,77,0.80146648
423,19,0.55212624
423,20,0.61272214
423,78,0.56544513
425,79,1
430,27,0.84177714
430,70,0.5398252
433,2,0.82202736
433,9,0.56944799
438,21,1
446,70,1
452,75,1
456,79,1
462,89,1
465,46,1
473,69,1
481,76,1
484,47,1
485,87,1
486,70,1
492,43,1
493,70,1
513,0,0.68521186
513,15,0.72834381
526,79,1
533,79,1
539,79,1
540,0,1
542,70,1
546,7,1
551,77,1
561,41,1
564,65,1
581,29,0.72490929
581,77,0.68884434
586,43,1
599,4,1
604,60,1
605,86,1
608,30,0.59790661
608,65,0.59790661
608,86,0.53386831
612,43,1
613,43,1
614,61,1
615,79,1
619,19,1
620,86,1
621,42,1
627,72,1
628,43,1
631,51,1
634,33,0.69625736
634,39,0.71779223
648,83,1
663,40,1
664,6,0.33092684
664,10,0.68905027
664,11,0.28456451
664,13,0.33092684
664,16,0.32037918
664,84,0.35009256
671,76,1
674,41,0.79080294
674,79,0.19849967
674,88,0.40031568
674,94,0.41830126
677,79,1
689,51,1
697,94,1
702,7,0.6708167
702,31,0.59283534
702,43,0.44559086
703,69,1
706,16,1
713,4,1
722,79,1
726,79,1
728,79,1
730,15,0.61159647
730,40,0.62536601
730,56,0.48463089
731,43,0.80924916
731,79,0.58746558
732,0,0.73834619
732,1,0.46421059
732,11,0.34503223
732,86,0.34685183
736,28,0.80676298
736,59,0.59087519
737,59,1
740,86,1
742,43,1
743,0,0.91436492
743,9,0.24714852
743,30,0.32070923
744,79,1
746,4,1
753,74,1
767,79,1
768,70,1
769,22,0.89370371
769,79,0.44865764
770,79,1
779,43,0.69501455
779,80,0.71899567
783,14,0.90959417
783,79,0.41549784
787,79,1
792,43,1
796,79,1
799,79,0.50220263
799,86,0.86474998
805,62,1
806,62,0.68280104
806,72,0.73060436
808,79,1
809,4,0.43700847
809,13,0.61900387
809,79,0.31075267
809,98,0.57383847
812,11,0.65199638
812,24,0.75822208
818,32,0.89590666
818,79,0.44424233
820,72,1
822,48,0.83780931
822,70,0.54596296
827,43,0.80924916
827,79,0.58746558
829,99,1
832,80,1
836,19,1
839,56,0.59094261
839,95,0.8067136
841,48,1
842,79,0.45667063
842,96,0.88963585
848,43,0.80924916
848,79,0.58746558
850,79,1
851,22,1
854,62,1
862,45,0.68701456
862,79,0.32601422
862,97,0.64940413
865,94,1
867,4,0.58116591
867,26,0.8137851
876,74,1
883,79,1
892,79,1
893,80,1
900,6,0.79043204
900,56,0.61254974
905,79,1
906,4,0.67516119
906,9,0.3567466
906,10,0.49781722
906,11,0.41117788
908,4,0.81918131
908,26,0.57353463
909,33,0.49614039
909,34,0.51740121
909,36,0.24807019
909,38,0.50600888
909,43,0.17890348
909,47,0.26933102
909,81,0.25300444
918,79,1
919,79,1
925,79,1
929,79,1
938,79,1
942,56,1
952,64,1
960,79,1
962,70,1
963,9,0.60239686
963,26,0.79819673
965,53,1
968,80,1
971,4,1
973,12,0.69273083
973,47,0.72119622
984,70,1
986,79,1
988,80,1
992,25,1
994,33,0.38161403
994,34,0.39796712
994,36,0.38161403
994,38,0.38920453
994,43,0.27521274
994,47,0.41432021
994,81,0.38920453
998,53,1
1001,79,1
1005,79,1
1013,56,0.47993704
1013,60,0.58344162
1013,68,0.65517655
1017,77,1
1019,5,1
1027,19,1
1028,59,1
1035,43,1
1036,40,1
1037,99,1
1045,24,1
1046,43,1
1055,23,1
1058,4,0.35058969
1058,9,0.37049428
1058,24,0.49659536
1058,29,0.49659536
1058,54,0.49659536
1059,79,1
1060,79,1
1066,79,1
1075,19,0.55212624
1075,20,0.61272214
1075,78,0.56544513
1077,90,1
1083,9,1
1089,77,1
1096,43,1
1097,43,1
1098,43,1
1099,71,1
1101,4,0.32696619
1101,9,0.69105912
1101,16,0.44837217
1101,71,0.46313367
1102,80,0.58184235
1102,97,0.81330159
1106,0,1
1107,32,0.68814437
1107,50,0.64033197
1107,79,0.34122177
1111,43,0.80924916
1111,79,0.58746558
1113,21,1
1121,33,0.39368929
1121,34,0.41055983
1121,36,0.39368929
1121,37,0.4421682
1121,38,0.40151997
1121,39,0.40586588
1128,86,1
1133,91,1
1141,86,1
1142,43,0.59174437
1142,50,0.80612567
1147,19,1
1150,36,0.70010973
1150,38,0.71403527
1154,7,1
1157,70,1
1158,72,0.82029032
1158,80,0.57194737
1159,59,1
1160,9,1
1163,52,1
1164,9,1
1169,58,1
1171,30,0.80424134
1171,80,0.59430285
1172,79,1
1175,5,1
1180,43,0.80924916
1180,79,0.58746558
1183,28,1
1185,59,1
1187,43,0.80924916
1187,79,0.58746558
1193,9,1
1194,43,0.69501455
1194,80,0.71899567
1196,33,0.39368929
1196,34,0.41055983
1196,36,0.39368929
1196,37,0.4421682
1196,38,0.40151997
1196,39,0.40586588
1198,79,1
1201,16,0.68618184
1201,23,0.6344665
1201,79,0.35581842
1203,4,1
1204,70,1
1205,65,1
1207,43,1
1211,43,1
1214,4,0.68732621
1214,9,0.72634887
1220,79,1
1221,4,1
1222,86,1
1228,80,1
1230,11,0.63074523
1230,68,0.77598998
1236,62,1
1242,53,1
1243,59,1
1247,79,1
1264,60,1
1265,4,1
1266,42,0.87782891
1266,79,0.47897433
1272,43,1
1273,97,1
1282,45,0.4630711
1282,99,0.88632114
1286,79,1
1289,0,1
1290,43,1
1292,80,1
1299,79,1
1303,48,0.90074644
1303,79,0.43434531
1304,99,1
1305,4,0.67344621
1305,56,0.73923623
1306,33,0.69625736
1306,91,0.71779223
1307,4,0.52702208
1307,9,0.55694355
1307,11,0.64192025
1310,79,1
1312,79,1
1318,50,0.79639691
1318,80,0.6047743
1321,69,0.67008577
1321,89,0.74228368
1324,79,1
1329,15,1
1334,62,1
1337,15,1
1340,21,1
1342,70,1
1345,79,0.50220263
1345,86,0.86474998
1346,61,1
1353,8,0.60817132
1353,29,0.58416699
1353,31,0.53747238
1359,79,1
1360,19,1
1361,79,1
1365,4,0.50017102
1365,9,0.52856803
1365,58,0.68588978
1366,42,1
1368,79,1
1371,80,1
1372,9,1
1373,31,0.76484447
1373,56,0.64421497
1374,56,0.44954125
1374,57,0.61368233
1374,79,0.29121533
1374,82,0.58008646
1376,79,1
1380,11,0.26389886
1380,19,0.76909701
1380,20,0.28450182
1380,42,0.28236307
1380,78,0.26254996
1380,93,0.33052157
1389,28,1
1390,4,1
1391,49,0.84177714
1391,70,0.5398252
1396,93,1
1403,86,1
1412,79,1
1413,79,1
1417,43,1
1418,67,1
1419,79,1
1420,43,1
1422,44,1
1423,79,1
1428,79,1
1432,43,0.80924916
1432,79,0.58746558
1433,16,0.43781188
1433,23,0.80963078
1433,86,0.3909204
1435,41,0.94251963
1435,59,0.33415079
1437,12,1
1444,79,1
1447,54,1
1450,43,1
1453,70,1
1454,79,1
1458,98,1
1461,65,1
1466,23,0.5567529
1466,28,0.6021338
1466,31,0.57224216
1467,42,0.68888553
1467,89,0.72487015
1469,29,0.71846391
1469,30,0.69556424
1470,15,0.57658676
1470,23,0.52775911
1470,94,0.6237131
1482,33,0.34026448
1482,34,0.35484564
1482,36,0.34026448
1482,37,0.38216467
1482,38,0.34703252
1482,39,0.35078868
1482,81,0.34703252
1482,92,0.36408661
1486,59,0.63003799
1486,69,0.77656431
1489,81,0.68995054
1489,92,0.72385652
1490,6,1
1492,48,1
1495,23,0.62469973
1495,24,0.697862
1495,79,0.35034107
1499,17,0.71690678
1499,88,0.69716904
1510,69,1
1513,46,1
1518,79,1
1519,59,0.81614891
1519,79,0.57784163
1520,42,0.53202421
1520,88,0.58543217
1520,94,0.61173475
1522,70,1
1524,4,0.68732621
1524,9,0.72634887
1525,79,1
1534,79,1
1536,80,1
1540,56,1
1543,42,1
1549,9,0.49923321
1549,11,0.57540465
1549,16,0.64782381
1550,80,1
1551,70,1
1552,43,0.71384253
1552,70,0.70030625
1558,79,1
1565,63,1
1567,10,0.72119622
1567,13,0.69273083
1570,70,1
1571,98,1
1576,4,0.70557008
1576,59,0.70864015
1583,80,1
1584,56,0.6320055
1584,77,0.7749639
1591,69,0.86712396
1591,79,0.4980924
1592,93,1
1600,83,1
1607,52,1
1610,43,1
1611,87,1
1613,18,1
1615,80,1
1618,79,1
1621,44,0.6758492
1621,79,0.33067859
1621,82,0.65869532
1628,79,0.45667063
1628,96,0.88963585
1629,70,1
1634,4,1
1635,70,1
1640,51,1
1647,4,0.63454561
1647,11,0.77288542
1648,81,1
1650,61,1
1653,36,0.93693386
1653,80,0.3495067
1657,11,1
1658,79,1
1659,44,0.6758492
1659,79,0.33067859
1659,82,0.65869532
1660,79,1
1665,70,1
1666,79,1
1673,79,0.44424233
1673,90,0.89590666
1678,60,1
1686,44,1
1689,4,0.41760427
1689,9,0.44131358
1689,15,0.57849437
1689,31,0.5442364
1693,59,1
1699,79,1
1700,78,1
1701,19,1
1702,7,1
1705,43,1
1715,0,0.71674049
1715,23,0.69733999
1717,4,0.67344621
1717,56,0.73923623
1718,76,1
1720,70,1
1721,79,1
1723,79,1
1727,42,0.47156284
1727,45,0.54221476
1727,70,0.69543629
1728,19,0.46321922
1728,20,0.51405757
1728,59,0.39318554
1728,70,0.37620311
1728,78,0.47439342
1729,79,1
1734,61,1
1736,49,1
1740,79,0.24860373
1740,96,0.96860528
1741,80,0.56634465
1741,85,0.82416851
1746,51,1
1756,42,0.62728906
1756,44,0.69954201
1756,79,0.34227098
1757,59,1
1763,59,1
1764,62,1
1767,79,1
1768,4,0.68732621
1768,9,0.72634887
1769,72,1
1779,70,0.80385312
1779,79,0.59482784
1780,4,1
1784,87,1
1788,79,1
1789,25,0.81634314
1789,70,0.5775672
1790,52,1
1793,79,1
1794,79,1
1796,79,1
1798,49,0.90343935
1798,79,0.42871592
1809,79,1
1823,81,1
1830,79,1
1831,40,1
1837,70,1
1838,42,1
1845,70,1
1854,4,0.67344621
1854,56,0.73923623
1861,54,1
1867,59,1
1869,98,1
1871,59,1
1874,4,1
1877,22,1
1883,70,1
1894,59,1
1896,50,1
1900,79,1
1901,19,0.33173866
1901,20,0.368147
1901,23,0.71097894
1901,31,0.36537944
1901,78,0.33974116
1905,60,0.88251805
1905,79,0.47027852
1908,4,0.52702208
1908,9,0.55694355
1908,11,0.64192025
1909,53,0.81909559
1909,59,0.57365706
1911,70,1
1919,58,1
1921,79,1
1937,38,0.55972485
1937,39,0.56578312
1937,66,0.60547301
1941,46,0.81574536
1941,59,0.5784112
1942,12,0.70272641
1942,53,0.71146019
1945,79,1
1957,83,1
1959,79,1
1962,84,1
1965,56,1
1966,79,1
1967,56,1
1970,75,0.73368583
1970,77,0.67948885
1971,29,1
1976,19,0.55212624
1976,20,0.61272214
1976,78,0.56544513
1978,70,1
1982,36,0.7777617
1982,56,0.62855926
1983,63,1
1984,79,1
1985,98,1
1992,5,0.70710678
1992,85,0.70710678
1993,35,0.51769978
1993,36,0.46924994
1993,37,0.52703341
1993,39,0.48376359
1997,67,1
1998,79,1
2008,79,1
2010,80,1
2026,70,1
2027,79,1
2029,15,0.58414607
2029,31,0.54955341
2029,64,0.59729759
2046,79,1
2064,53,0.7681146
2064,70,0.51471712
2064,79,0.38087564
2067,43,1
2071,79,1
2072,4,0.72103734
2072,70,0.69289621
2073,27,1
2074,80,1
2075,4,0.68732621
2075,9,0.72634887
2076,43,0.45230705
2076,82,0.65405161
2076,98,0.60632897
2081,70,1
2082,17,0.55077698
2082,26,0.52298947
2082,80,0.37847793
2082,97,0.52903798
2083,87,1
2087,58,1
2088,79,1
2089,54,0.64940413
2089,55,0.68701456
2089,79,0.32601422
2090,80,0.5904087
2090,96,0.80710443
2092,0,0.79335546
2092,4,0.60875867
2093,2,0.3166182
2093,4,0.62264794
2093,9,0.43866569
2093,55,0.31101097
2093,56,0.22782514
2093,63,0.31101097
2093,98,0.27253427
2097,70,0.80385312
2097,79,0.59482784
2098,59,1
2100,78,1
2102,59,1
2105,88,1
2106,50,0.81148045
2106,70,0.58437957
2112,49,0.5208251
2112,50,0.46380024
2112,84,0.5208251
2112,97,0.49231267
2120,6,1
2121,4,1
2129,13,1
2133,79,1
2135,70,1
2138,28,1
2141,79,1
2142,17,0.7213217
2142,79,0.34782563
2142,86,0.59892599
2144,75,1
2151,43,1
2170,78,1
2171,27,1
2174,59,1
2176,43,0.63379782
2176,70,0.62177939
2176,79,0.4600986
2180,68,1
2181,87,1
2185,25,0.74619353
2185,78,0.66572909
2190,70,1
2196,79,1
2199,79,1
2203,59,1
2206,80,1
2212,77,1
2222,80,1
2223,23,0.87220275
2223,79,0.48914451
2225,70,1
2227,79,1
2229,33,1
2230,70,1
2231,10,0.48280891
2231,56,0.35938767
2231,60,0.43689423
2231,73,0.47582974
2231,99,0.4695163
2234,48,0.82651421
2234,59,0.56291586
2239,79,1
2240,41,0.7565235
2240,86,0.65396651
2242,40,1
2245,77,0.68436165
2245,88,0.72914274
2249,83,1
2256,80,1
2259,48,0.83780931
2259,70,0.54596296
2260,54,0.5662125
2260,74,0.5662125
2260,84,0.59900486
2268,64,1
2270,4,0.81496317
2270,79,0.57951275
2276,15,0.88963585
2276,79,0.45667063
2279,64,1
2282,60,0.73311566
2282,69,0.68010398
2283,70,1
2284,70,1
2288,40,1
2294,70,0.48007379
2294,80,0.50623806
2294,90,0.71641621
2299,19,0.55212624
2299,20,0.61272214
2299,78,0.56544513
2300,62,0.88593208
2300,79,0.463815
2304,19,0.55212624
2304,20,0.61272214
2304,78,0.56544513
2306,79,1
2307,43,1
2315,2,0.51556858
2315,9,0.71430589
2315,26,0.47324004
2317,79,1
2324,70,1
2332,51,1
2334,19,1
2335,59,1
2339,4,0.68732621
2339,9,0.72634887
2341,21,1
2347,43,0.80924916
2347,79,0.58746558
2353,70,1
2363,81,0.56144474
2363,88,0.58122014
2363,92,0.58903561
2367,80,0.56634465
2367,85,0.82416851
2368,47,0.90074644
2368,79,0.43434531
2369,79,1
2377,81,0.68995054
2377,92,0.72385652
2383,33,1
2384,69,1
2386,79,1
2390,70,1
2392,6,0.4720465
2392,30,0.45700093
2392,35,0.49938522
2392,36,0.45264938
2392,80,0.33770578
2393,9,0.38562176
2393,11,0.44445873
2393,12,0.51687162
2393,31,0.47555617
2393,56,0.40055255
2394,79,1
2401,80,0.58184235
2401,97,0.81330159
2405,79,1
2410,6,1
2413,79,1
2417,79,1
2418,70,0.5398252
2418,76,0.84177714
2420,79,1
2423,79,1
2427,79,1
2428,70,1
2429,46,1
2432,4,1
2433,70,1
2435,9,0.6576728
2435,43,0.60961039
2435,79,0.44254
2436,43,0.30876532
2436,70,0.30291034
2436,79,0.22414481
2436,96,0.87330888
2441,79,0.44865764
2441,82,0.89370371
2442,80,1
2443,80,1
2446,43,0.80924916
2446,79,0.58746558
2448,60,1
2450,79,1
2453,59,0.63813017
2453,78,0.76992849
2454,32,1
2455,60,1
2456,80,1
2460,79,1
2462,56,0.55188575
2462,57,0.7533959
2462,79,0.35751466
2467,50,1
2473,59,1
2474,79,0.460338
2474,89,0.88774373
2480,9,1
2482,87,1
2484,79,1
2488,14,0.8762985
2488,70,0.27047591
2488,97,0.39867745
2489,79,1
2494,70,1
2495,67,0.90074644
2495,79,0.43434531
2496,43,1
2497,43,1
2502,86,1
2504,43,1
2505,79,1
2509,79,1
2510,22,1
2513,56,1
2514,4,0.68732621
2514,9,0.72634887
2517,4,1
2521,70,1
2524,68,1
2533,73,1
2540,75,1
2542,85,1
2544,79,1
2558,9,0.65534212
2558,11,0.75533218
2560,43,1
2562,84,1
2563,79,1
2564,9,0.58809758
2564,72,0.80878999
2565,79,1
2568,46,1
2570,59,0.81614891
2570,79,0.57784163
2579,79,1
2582,0,1
2583,99,1
2586,43,1
2589,4,0.39993165
2589,9,0.42263761
2589,17,0.58976394
2589,26,0.56000948
2604,79,1
2606,70,1
2607,79,1
2611,21,1
2612,69,1
2620,43,1
2621,23,0.87220275
2621,79,0.48914451
2623,86,1
2632,59,1
2638,79,1
2639,79,1
2646,79,1
2648,59,1
2651,79,1
2652,25,0.81634314
2652,70,0.5775672
2661,79,1
2664,59,1
2670,45,0.90343935
2670,79,0.42871592
2671,26,0.76053502
2671,70,0.52193935
2671,79,0.38621988
2680,56,1
2683,59,1
2684,9,1
2688,25,1
2690,19,0.92652324
2690,70,0.37623754
2691,27,0.73064885
2691,91,0.68275344
2699,80,1
2704,89,1
2705,4,0.68732621
2705,9,0.72634887
2708,61,1
2711,69,1
2712,79,1
2713,79,1
2717,43,1
2719,7,0.70710678
2719,8,0.70710678
2730,70,0.80385312
2730,79,0.59482784
2731,24,1
2734,43,1
2737,59,1
2738,79,1
2739,83,1
2758,80,1
2765,43,1
2766,79,1
2767,59,1
2774,69,0.86712396
2774,79,0.4980924
2778,35,0.48406074
2778,36,0.43875907
2778,37,0.49278788
2778,39,0.45232965
2778,56,0.35458943
2780,4,0.52145231
2780,80,0.52841096
2780,87,0.66997712
2788,13,0.59137499
2788,51,0.59137499
2788,98,0.54822553
2789,56,1
2790,0,1
2793,27,1
2796,4,0.49247796
2796,9,0.5204382
2796,54,0.69757404
2811,41,0.81574536
2811,59,0.5784112
2815,79,1
2817,21,1
2827,79,1
2832,58,1
2836,18,0.77534718
2836,23,0.63153523
2838,30,1
2840,58,1
2841,96,1
2847,43,1
2856,80,0.58184235
2856,82,0.81330159
2857,79,1
2858,50,0.73681947
2858,86,0.67608955
2859,69,0.77380641
2859,80,0.63342217
2862,67,1
2865,79,1
2875,15,1
2882,80,0.36685516
2882,87,0.93027807
2885,79,1
2888,70,0.43147171
2888,79,0.31927647
2888,87,0.57688238
2888,89,0.61571212
2891,79,1
2894,69,1
2900,8,0.51901831
2900,12,0.49853282
2900,18,0.54789098
2900,78,0.42649795
2901,48,1
2906,4,0.52702208
2906,9,0.55694355
2906,11,0.64192025
2913,59,0.55675422
2913,76,0.83067728
2914,79,1
2915,70,1
2917,80,1
2921,86,0.37820907
2921,94,0.92572021
2922,87,1
2926,4,1
2927,56,1
2928,43,0.80924916
2928,79,0.58746558
2929,69,1
2931,21,0.73526649
2931,43,0.54849138
2931,79,0.39817132
2932,22,0.73590669
2932,31,0.67708297
2939,56,0.60269629
2939,73,0.79797066
2941,59,1
2945,11,0.69276063
2945,23,0.72116761
2959,4,0.57674006
2959,54,0.81692772
2960,4,0.58920527
2960,58,0.80798338
2963,33,0.56543959
2963,34,0.58967005
2963,38,0.57668648
2967,79,1
2969,86,1
2976,2,0.49589495
2976,4,0.48760301
2976,8,0.23968318
2976,9,0.17176216
2976,16,0.22288504
2976,28,0.44577009
2976,30,0.22288504
2976,31,0.2118204
2976,45,0.24355639
2976,80,0.16470332
2980,21,1
2983,63,0.69341201
2983,79,0.32905005
2983,96,0.64101938
2984,21,0.79429617
2984,59,0.60753073
2989,42,0.87782891
2989,79,0.47897433
2991,89,1
2997,79,1
3000,4,0.72103734
3000,70,0.69289621
3002,26,1
3004,79,1
3005,56,0.55188575
3005,57,0.7533959
3005,79,0.35751466
3008,59,0.81614891
3008,79,0.57784163
3012,43,1
3016,79,0.45667063
3016,96,0.88963585
3017,79,1
3019,65,1
3021,62,1
3029,43,1
3036,80,1
3037,65,1
3039,11,1
3041,52,0.90074644
3041,79,0.43434531
3049,79,1
3050,79,1
3054,75,1
3058,70,0.55154709
3058,72,0.83414376
3060,80,1
3063,79,1
3064,53,1
3066,43,0.4320998
3066,67,0.65050652
3066,79,0.31367812
3066,86,0.5401269
3071,79,1
3078,70,1
3079,79,0.36823105
3079,86,0.63406238
3079,98,0.67997853
3080,79,1
3081,59,1
3089,61,1
3096,19,1
3107,31,1
3109,56,1
3116,42,0.59505867
3116,48,0.67333249
3116,70,0.43878075
3119,4,1
3120,75,1
3121,43,1
3122,42,0.73271175
3122,43,0.55072571
3122,79,0.39979331
3130,80,1
3134,80,1
3135,81,0.68995054
3135,92,0.72385652
3138,3,0.9911564
3138,31,0.071657972
3138,55,0.082394129
3138,58,0.075401097
3140,49,0.90343935
3140,79,0.42871592
3141,4,1
3144,28,0.5059247
3144,29,0.52258097
3144,86,0.45173805
3144,91,0.51660629
3149,79,1
3150,88,1
3151,56,1
3152,79,1
3155,6,0.55081169
3155,9,0.41094339
3155,11,0.47364385
3155,13,0.55081169
3157,4,0.34373252
3157,9,0.3632478
3157,11,0.41867101
3157,73,0.49956196
3157,79,0.24442501
3157,84,0.51508041
3158,70,1
3159,80,1
3161,0,0.90356751
3161,1,0.37872533
3161,4,0.092443567
3161,9,0.097692012
3161,16,0.063384417
3161,23,0.11721467
3161,29,0.065471186
3163,0,0.87782891
3163,79,0.47897433
3164,46,1
3169,31,0.28991414
3169,32,0.95705266
3171,89,1
3174,21,0.65050314
3174,25,0.67286857
3174,79,0.35226914
3179,41,0.9699115
3179,79,0.24345776
3181,65,1
3185,11,1
3189,79,1
3190,80,1
3197,19,0.59823432
3197,64,0.71614375
3197,79,0.35951889
3205,71,1
3208,79,1
3210,79,0.33384788
3210,81,0.65036598
3210,92,0.68232667
3215,19,0.55212624
3215,20,0.61272214
3215,78,0.56544513
3227,12,0.69273083
3227,47,0.72119622
3229,70,1
3233,80,1
3235,31,1
3237,69,1
3240,4,0.27382551
3240,8,0.20190001
3240,9,0.43405776
3240,11,0.16676165
3240,14,0.42626318
3240,15,0.56898311
3240,28,0.1877499
3240,31,0.35685892
3241,27,1
3247,85,1
3252,79,1
3255,98,1
3260,21,1
3266,32,0.81909559
3266,59,0.57365706
3269,11,0.65199638
3269,71,0.75822208
3271,98,1
3272,56,1
3273,24,0.73590669
3273,31,0.67708297
3276,54,1
3281,74,1
3289,6,0.70710678
3289,74,0.70710678
3299,59,0.56291586
3299,67,0.82651421
3300,89,1
3308,87,1
3313,97,1
3315,79,1
3318,70,0.48007379
3318,80,0.50623806
3318,90,0.71641621
3319,43,1
3326,31,1
3332,59,1
3337,71,0.68819699
3337,79,0.34548904
3337,98,0.63798294
3338,96,1
3339,79,1
3341,80,1
3342,70,1
3343,55,1
3345,75,1
3348,43,0.80924916
3348,79,0.58746558
3359,43,0.54112436
3359,77,0.74355515
3359,79,0.39282332
3365,61,1
3366,29,1
3369,73,1
3370,42,0.72707856
3370,59,0.56033052
3370,79,0.39671964
3376,79,1
3378,79,1
3381,56,1
3382,50,0.712777
3382,98,0.70139073
3384,80,1
3385,89,1
3387,79,1
3390,65,1
3393,79,1
3394,79,1
3397,79,1
3399,59,1
3403,79,1
3409,79,1
3410,51,0.89370371
3410,79,0.44865764
3413,77,1
3416,43,1
3423,79,1
3427,40,1
3435,79,1
3443,95,1
3444,19,1
3449,10,0.46062392
3449,56,0.34287386
3449,57,0.46806747
3449,71,0.44244323
3449,73,0.45396543
3449,79,0.2221156
3450,80,1
3451,40,1
3456,41,1
3458,90,1
3460,89,1
3462,23,1
3464,12,0.70272641
3464,90,0.71146019
3466,23,1
3471,84,1
3476,79,1
3477,79,0.33384788
3477,81,0.65036598
3477,92,0.68232667
3483,59,1
3486,79,1
3492,69,1
3494,70,0.80385312
3494,79,0.59482784
3496,0,1
3498,79,1
3500,26,1
3501,60,0.66504008
3501,76,0.74680766
3505,52,0.68663496
3505,59,0.46764798
3505,70,0.44744937
3505,79,0.33109947
3515,43,0.69501455
3515,80,0.71899567
3520,59,0.5980397
3520,77,0.80146648
3523,79,1
3525,56,0.46990823
3525,71,0.60636794
3525,94,0.64148592
3526,59,1
3527,79,1
3528,16,0.33491135
3528,17,0.7203051
3528,23,0.30967015
3528,26,0.34198233
3528,72,0.35494642
3528,79,0.17366771
3538,80,0.58184235
3538,97,0.81330159
3541,19,0.67166887
3541,20,0.49692306
3541,69,0.23423707
3541,78,0.45858099
3541,80,0.1917417
3547,52,0.77260834
3547,78,0.63488295
3549,43,0.52573333
3549,46,0.76022856
3549,79,0.38165037
3551,70,1
3552,87,1
3554,50,1
3557,95,1
3561,4,0.68732621
3561,9,0.72634887
3563,62,1
3569,59,0.81614891
3569,79,0.57784163
3571,70,1
3572,64,1
3573,0,0.48033754
3573,23,0.46733592
3573,28,0.50542845
3573,67,0.54352099
3577,40,0.69796016
3577,44,0.71613659
3578,4,0.68732621
3578,9,0.72634887
3582,70,1
3585,9,1
3591,11,1
3592,79,1
3598,43,0.69501455
3598,80,0.71899567
3599,99,1
3601,79,0.50220263
3601,86,0.86474998
3603,95,1
3605,25,1
3611,79,1
3613,79,1
3615,22,1
3618,56,1
3621,69,1
3623,80,1
3625,70,1
3626,65,1
3634,79,1
3638,15,0.78376488
3638,56,0.62105766
3647,70,1
3648,29,0.70272641
3648,99,0.71146019
3649,79,1
3650,70,1
3651,59,1
3653,42,0.51082777
3653,65,0.53751137
3653,70,0.37667108
3653,71,0.55520754
3654,4,0.28301543
3654,9,0.29908352
3654,11,0.34471675
3654,16,0.38810204
3654,23,0.35885202
3654,61,0.39629603
3654,70,0.27196972
3654,71,0.4008793
3654,79,0.20124965
3658,13,0.3747873
3658,22,0.7495746
3658,71,0.3747873
3658,83,0.39649322
3661,32,0.47093731
3661,35,0.49209581
3661,41,0.46515615
3661,43,0.32167707
3661,79,0.23351795
3661,86,0.40209794
3663,16,0.74592333
3663,86,0.66603182
3670,79,1
3671,4,0.58920527
3671,30,0.80798338
3673,66,1
3685,56,1
3689,19,0.85712717
3689,79,0.51510486
3692,51,1
3695,79,1
3697,59,1
3698,79,1
3699,70,1
3700,80,1
3703,59,1
3706,79,1
3707,55,0.90343935
3707,79,0.42871592
3713,91,1
3718,0,0.34722609
3718,2,0.40644732
3718,4,0.53286806
3718,10,0.39290009
3718,12,0.37739245
3718,16,0.36536379
3724,19,0.55212624
3724,20,0.61272214
3724,78,0.56544513
3725,59,1
3738,43,1
3739,9,0.82966043
3739,79,0.55826837
3751,60,1
3753,74,1
3754,79,1
3755,79,0.45667063
3755,96,0.88963585
3758,59,1
3763,43,0.80924916
3763,79,0.58746558
3765,79,1
3768,79,1
3769,7,0.5989677
3769,12,0.57532663
3769,28,0.5569892
3770,32,1
3775,43,0.43847456
3775,81,0.62008863
3775,92,0.65056141
3776,46,0.81330159
3776,80,0.58184235
3789,43,1
3790,33,0.29142009
3790,34,0.30390815
3790,36,0.29142009
3790,38,0.29721659
3790,40,0.60781631
3790,49,0.32150908
3790,50,0.28630722
3790,90,0.30768525
3791,13,1
3794,22,0.83884765
3794,30,0.40605549
3794,86,0.36256525
3796,79,0.43434531
3796,85,0.90074644
3799,79,1
3801,90,1
3802,80,1
3805,9,0.61406937
3805,62,0.78925206
3806,6,0.89370371
3806,79,0.44865764
3809,4,0.56564073
3809,9,0.59775476
3809,59,0.56810194
3810,0,0.86027129
3810,65,0.45260421
3810,79,0.23469714
3811,50,1
3812,35,0.71506407
3812,36,0.64814355
3812,56,0.26190325
3813,55,0.8067136
3813,56,0.59094261
3814,79,1
3815,79,0.44865764
3815,82,0.89370371
3816,77,1
3818,60,1
3819,59,1
3821,80,1
3823,4,0.52702208
3823,9,0.55694355
3823,11,0.64192025
3824,15,0.80710443
3824,80,0.5904087
3825,95,1
3826,59,1
3827,70,1
3832,7,1
3834,79,1
3835,65,1
3839,87,1
3842,59,1
3847,79,1
3850,4,1
3853,56,1
3856,17,0.72516289
3856,26,0.68857736
3861,14,1
3863,79,1
3864,90,1
3866,98,1
3867,43,0.71384253
3867,70,0.70030625
3868,59,1
3870,9,0.60805222
3870,33,0.39075917
3870,34,0.40750415
3870,36,0.39075917
3870,38,0.39853157
3877,51,1
3878,9,1
3879,4,0.28479244
3879,9,0.30096141
3879,11,0.34688117
3879,45,0.42675917
3879,56,0.31261426
3879,66,0.42675917
3879,80,0.28859292
3879,97,0.40339635
3880,79,1
3881,19,0.55212624
3881,20,0.61272214
3881,78,0.56544513
3883,32,1
3888,79,1
3889,79,1
3897,4,1
3898,79,1
3900,25,1
3901,3,0.20247482
3901,5,0.18220312
3901,7,0.54660936
3901,8,0.72881248
3901,59,0.12409348
3901,70,0.11873365
3901,79,0.087859431
3901,89,0.16943346
3901,91,0.17301071
3902,79,1
3903,79,1
3905,80,1
3911,4,0.57674006
3911,82,0.81692772
3913,79,1
3918,70,1
3919,43,0.6205151
3919,69,0.7841945
3921,79,1
3926,79,1
3928,43,1
3929,96,1
3932,8,0.58171014
3932,22,0.55875022
3932,27,0.5911104
3941,19,0.55212624
3941,20,0.61272214
3941,78,0.56544513
3942,70,1
3946,9,0.46516291
3946,12,0.62348531
3946,69,0.54490275
3946,79,0.31300244
3948,79,1
3952,58,1
3953,79,1
3955,43,1
3963,79,1
3964,19,0.55212624
3964,20,0.61272214
3964,78,0.56544513
3976,11,1
3978,79,1
3983,19,1
3987,59,1
4002,43,0.69501455
4002,80,0.71899567
4005,4,0.37898351
4005,56,0.41600701
4005,57,0.56790373
4005,71,0.53681399
4005,79,0.26949166
4009,80,1
4010,5,1
4013,80,1
4015,4,0.42232524
4015,9,0.44630258
4015,11,0.51439804
4015,74,0.5982057
4016,4,0.3966843
4016,9,0.41920589
4016,56,0.43543701
4016,74,0.5618864
4016,80,0.40197795
4020,28,0.6751072
4020,63,0.73771964
4022,9,1
4023,62,1
4026,0,0.52395675
4026,4,0.40204327
4026,23,0.50977446
4026,30,0.55132616
4027,79,1
4030,0,0.90130028
4030,1,0.28333127
4030,4,0.25934514
4030,9,0.091356453
4030,24,0.12245045
4030,68,0.1295422
4031,4,0.44664658
4031,46,0.63265584
4031,82,0.63265584
4032,4,0.68732621
4032,9,0.72634887
4034,4,0.68732621
4034,9,0.72634887
4035,53,0.71146019
4035,74,0.70272641
4039,4,0.49247796
4039,9,0.5204382
4039,54,0.69757404
4040,23,1
4043,69,1
4046,80,1
4047,41,1
4048,6,0.82248512
4048,43,0.56878663
4051,43,1
4055,79,1
4056,79,1
4062,61,1
4066,21,1
4067,43,1
4071,79,1
4074,56,1
4081,70,1
4084,79,1
4085,79,1
4098,69,1
4101,60,1
4108,80,1
4113,54,1
4114,33,0.56543959
4114,34,0.58967005
4114,38,0.57668648
4124,56,1
4127,79,1
4133,70,1
4137,79,1
4146,87,1
4148,33,0.48850088
4148,34,0.50943432
4148,38,0.49821741
4148,39,0.50360994
4149,13,0.69273083
4149,17,0.72119622
4150,88,1
4152,22,0.91176032
4152,23,0.27205781
4152,99,0.30769735
4153,56,0.60269629
4153,73,0.79797066
4156,22,1
4160,68,1
4161,4,0.57198608
4161,88,0.82026333
4163,80,1
4164,56,1
4165,79,1
4166,79,1
4167,4,1
4169,43,0.69501455
4169,80,0.71899567
4175,9,0.39913916
4175,28,0.51793801
4175,29,0.53498979
4175,82,0.53498979
4179,43,1
4181,79,1
4183,21,1
4187,42,1
4189,59,1
4194,59,1
4197,75,1
4202,79,1
4203,98,1
4205,79,1
4208,79,1
4214,21,1
4215,59,1
4226,61,1
4228,80,1
4232,19,0.77029554
4232,43,0.63768706
4233,79,1
4237,56,0.83928419
4237,79,0.54369298
4238,80,1
4250,80,0.58626735
4250,91,0.81011764
4254,65,1
4259,3,0.5488358
4259,5,0.49388657
4259,8,0.49388657
4259,30,0.45927266
4265,19,0.52403201
4265,20,0.58154457
4265,78,0.53667319
4265,79,0.31492578
4271,70,1
4272,70,1
4274,59,1
4284,75,1
4288,4,1
4293,79,1
4305,79,0.48423562
4305,87,0.87493763
4309,43,1
4312,42,1
4315,79,0.44424233
4315,88,0.89590666
4318,59,1
4320,4,1
4321,79,1
4323,44,0.70539297
4323,46,0.68748923
4323,79,0.17256686
4325,79,1
4326,79,1
4330,79,1
4347,32,0.67644644
4347,59,0.47375213
4347,70,0.45328987
4347,79,0.33542127
4348,21,1
4353,70,1
4354,43,0.44181261
4354,56,0.49510077
4354,57,0.67587701
4354,79,0.32072904
4357,43,1
4360,79,1
4363,23,0.87220275
4363,79,0.48914451
4367,6,0.75296373
4367,69,0.65806202
4368,44,1
4375,64,1
4379,74,1
4380,0,0.44451797
4380,21,0.89576993
4382,40,1
4383,79,1
4386,4,0.68732621
4386,9,0.72634887
4387,5,1
4389,43,1
4393,79,1
4397,95,1
4404,62,0.88593208
4404,79,0.463815
4406,4,0.50017102
4406,9,0.52856803
4406,58,0.68588978
4421,19,1
4424,43,1
4428,59,1
4431,59,0.81614891
4431,79,0.57784163
4436,70,1
4451,56,1
4455,43,1
4457,61,1
4460,86,1
4461,13,1
4465,64,1
4466,9,1
4474,23,1
4475,79,1
4477,79,1
4479,49,1
4491,28,1
4496,16,1
4500,4,0.46255297
4500,10,0.68210921
4500,86,0.56636717
4501,43,0.93999457
4501,79,0.34118939
4505,56,0.62491829
4505,58,0.78069016
4508,79,1
4509,80,1
4515,59,0.81614891
4515,79,0.57784163
4517,98,1
4519,12,1
4526,14,0.84028904
4526,59,0.54213866
4529,80,1
4537,15,1
4539,69,1
4542,43,0.71384253
4542,70,0.70030625
4545,19,0.6931019
4545,59,0.58831247
4545,79,0.41653114
4547,60,1
4550,42,1
4552,64,1
4554,69,1
4559,64,1
4567,79,1
4568,43,0.4538712
4568,78,0.56148026
4568,79,0.32948284
4568,98,0.60842576
4569,11,0.54699595
4569,46,0.63611459
4569,78,0.54420002
4570,50,1
4571,79,1
4575,60,1
4577,70,1
4588,25,0.56035022
4588,32,0.59162529
4588,78,0.49992586
4588,79,0.29336203
4589,70,1
4593,79,1
4596,25,1
4600,87,1
4602,59,0.7225385
4602,70,0.69133068
4606,70,1
4609,59,1
4611,19,0.55212624
4611,20,0.61272214
4611,78,0.56544513
4612,42,1
4617,87,1
4620,91,1
4622,59,0.81614891
4622,79,0.57784163
4631,21,0.43520311
4631,25,0.9003323
4632,0,0.68888553
4632,58,0.72487015
4638,79,1
4640,13,1
4641,69,0.61905362
4641,79,0.35559611
4641,91,0.70023141
4643,79,1
4647,74,1
4652,79,1
4655,9,0.46153333
4655,58,0.59890304
4655,68,0.65444796
4656,80,1
4665,79,1
4673,80,1
4675,77,0.88419254
4675,79,0.46712264
4680,79,1
4686,80,1
4689,79,0.45278753
4689,91,0.89161845
4694,23,1
4697,25,1
4702,62,0.88593208
4702,79,0.463815
4704,51,1
4705,62,1
4706,43,1
4713,59,1
4714,73,1
4715,79,1
4716,70,1
4718,4,0.66039004
4718,9,0.34894171
4718,17,0.48692599
4718,30,0.4527999
4732,51,1
4733,19,0.55212624
4733,20,0.61272214
4733,78,0.56544513
4734,79,1
4736,79,1
4739,19,0.55212624
4739,20,0.61272214
4739,78,0.56544513
4742,39,1
4743,70,0.80385312
4743,79,0.59482784
4744,45,0.77436272
4744,86,0.63274195
4748,80,1
4750,62,1
4755,59,1
4756,44,0.51145537
4756,56,0.38629522
4756,57,0.52734327
4756,79,0.2502442
4756,82,0.498474
4760,70,0.6213542
4760,78,0.7835298
4771,97,1
4776,70,1
4778,65,1
4779,85,1
4781,18,0.78910052
4781,78,0.61426409
4787,80,1
4788,93,1
4791,9,0.82966043
4791,79,0.55826837
4792,43,0.80924916
4792,79,0.58746558
4797,21,1
4798,18,1
4804,79,1
4805,91,1
4806,79,1
4809,80,1
4818,53,0.89590666
4818,79,0.44424233
4825,77,0.69686481
4825,96,0.71720251
4827,59,1
4831,79,1
4834,79,1
4838,59,1
4862,28,1
4880,79,1
4881,94,1
4885,19,0.55212624
4885,20,0.61272214
4885,78,0.56544513
4901,86,1
4903,79,1
4913,96,1
4916,70,1
4918,79,0.44865764
4918,82,0.89370371
4919,26,1
4920,4,0.49247796
4920,9,0.5204382
4920,41,0.69757404
4933,4,0.3080664
4933,9,0.32555675
4933,11,0.37522918
4933,23,0.78123126
4933,79,0.21906316
4935,79,1
4939,44,0.6758492
4939,79,0.33067859
4939,82,0.65869532
4940,70,1
4951,79,1
4958,43,0.80924916
4958,79,0.58746558
4965,79,0.47619251
4965,98,0.87934106
4966,79,1
4968,55,1
4969,56,0.62491829
4969,58,0.78069016
4971,79,1
4973,59,1
4975,79,1
4976,49,1
4980,60,1
4983,91,1
4984,59,1
4991,79,1
4993,80,1
4994,69,1
4996,79,1
4998,80,1
5001,65,1
5003,65,0.80424134
5003,80,0.59430285
5004,79,1
5009,79,1
5015,79,1
5020,65,0.88774373
5020,79,0.460338
5022,79,1
5024,79,1
5034,79,1
5035,47,0.67361517
5035,72,0.66387782
5035,79,0.32482125
5036,0,0.41383112
5036,2,0.72661828
5036,9,0.50335469
5036,65,0.217724
5039,59,0.7225385
5039,70,0.69133068
5046,13,0.71116046
5046,26,0.70302973
5051,79,1
5053,70,1
5054,98,1
5057,43,0.4870453
5057,56,0.54578908
5057,58,0.68183661
5064,46,1
5065,19,1
5071,44,0.74920688
5071,87,0.66233606
5076,43,0.5085112
5076,63,0.77791131
5076,79,0.36914815
5080,87,1
5084,89,1
5091,56,1
5092,9,1
5096,61,1
5104,79,1
5108,32,1
5112,73,1
5122,54,1
5126,70,1
5127,79,1
5131,43,1
5139,59,0.7225385
5139,70,0.69133068
5140,43,0.54849138
5140,79,0.39817132
5140,98,0.73526649
5145,19,0.55212624
5145,20,0.61272214
5145,78,0.56544513
5147,43,0.62278104
5147,59,0.63855179
5147,79,0.45210108
5151,79,1
5155,62,0.88593208
5155,79,0.463815
5157,79,1
5171,79,1
5175,79,1
5178,2,0.8374035
5178,4,0.18297803
5178,26,0.25621736
5178,56,0.20085344
5178,57,0.2741911
5178,79,0.13011398
5178,82,0.25918058
5181,4,0.46230175
5181,9,0.48854875
5181,79,0.32873849
5181,90,0.66296924
5182,59,1
5183,55,0.90343935
5183,79,0.42871592
5188,80,1
5192,79,1
5197,23,0.87220275
5197,79,0.48914451
5201,77,1
5202,51,1
5203,56,0.73777858
5203,59,0.67504279
5212,79,1
5213,23,0.68239201
5213,33,0.73098642
5220,51,1
5222,79,1
5228,79,1
5234,79,1
5235,79,1
5246,79,1
5247,45,0.77280369
5247,59,0.51796495
5247,79,0.36672439
5254,40,1
5255,43,1
5259,65,1
5261,60,1
5265,79,1
5266,79,1
5272,99,1
5276,4,1
5283,79,1
5289,79,1
5292,87,1
5296,43,1
5301,21,0.61372026
5301,25,0.63482103
5301,59,0.46941422
5304,4,0.82475156
5304,58,0.56549524
5308,79,1
5316,65,1
5325,59,1
5333,79,1
5340,80,1
5360,43,0.80924916
5360,79,0.58746558
5369,9,0.82966043
5369,79,0.55826837
5370,79,1
5374,69,0.71097087
5374,86,0.70322146
5376,16,1
5377,79,1
5378,4,0.30075179
5378,9,0.31782685
5378,11,0.36631988
5378,12,0.42600209
5378,16,0.41242409
5378,23,0.381341
5378,91,0.4211316
5380,79,1
5384,89,1
5386,56,0.55188575
5386,57,0.7533959
5386,79,0.35751466
5387,79,1
5388,44,1
5389,61,0.57053303
5389,97,0.57713139
5389,99,0.58430422
5392,56,0.61254974
5392,74,0.79043204
5394,4,0.49486759
5394,80,0.50147147
5394,88,0.70967065
5397,4,0.68732621
5397,9,0.72634887
5400,87,1
5403,91,1
5406,15,1
5407,80,0.61926999
5407,87,0.78517812
5408,70,1
5409,79,0.47619251
5409,98,0.87934106
5410,22,0.82248512
5410,43,0.56878663
5415,79,1
5418,19,1
5420,65,0.88774373
5420,79,0.460338
5424,59,1
5428,79,1
5432,79,1
5436,56,0.60781907
5436,99,0.79407555
5440,16,1
5442,4,0.68732621
5442,9,0.72634887
5449,4,0.27445329
5449,6,0.38875138
5449,9,0.29003526
5449,10,0.40472578
5449,11,0.33428794
5449,16,0.37636068
5449,23,0.34799557
5449,71,0.38875138
5454,80,1
5457,12,1
5458,15,0.49711946
5458,65,0.4921102
5458,79,0.2551829
5458,86,0.43940314
5458,91,0.50250011
5459,79,1
5462,33,0.48850088
5462,34,0.50943432
5462,38,0.49821741
5462,39,0.50360994
5464,30,0.88774373
5464,79,0.460338
5467,21,1
5469,43,0.44119953
5469,66,0.67493912
5469,98,0.59143906
5470,79,1
5471,21,0.73526649
5471,43,0.54849138
5471,79,0.39817132
5472,70,1
5473,59,1
5475,79,1
5479,19,0.55212624
5479,20,0.61272214
5479,78,0.56544513
5480,9,1
5481,19,0.49913885
5481,20,0.55391938
5481,78,0.51117954
5481,80,0.42746836
5482,19,1
5483,21,0.87194168
5483,52,0.48960976
5485,48,0.90074644
5485,79,0.43434531
5487,80,1
5492,49,1
5498,8,1
5499,4,0.3885134
5499,10,0.57292587
5499,56,0.42646788
5499,68,0.58218419
5503,79,1
5504,79,1
5508,79,1
5514,4,0.61925493
5514,23,0.78518999
5517,80,1
5520,98,1
5521,6,0.4472136
5521,24,0.89442719
5527,70,0.80385312
5527,79,0.59482784
5528,59,1
5533,79,0.45278753
5533,91,0.89161845
5536,51,0.89370371
5536,79,0.44865764
5543,69,1
5547,79,1
5557,59,0.81614891
5557,79,0.57784163
5558,56,1
5562,59,0.64325511
5562,70,0.61547169
5562,79,0.45543108
5564,19,1
5568,69,1
5571,79,1
5572,70,1
5574,79,1
5576,59,1
5580,79,1
5587,79,1
5597,51,1
5600,43,1
5604,70,1
5606,66,1
5608,61,1
5610,41,0.89370371
5610,79,0.44865764
5615,79,1
5616,79,1
5617,69,0.63821286
5617,79,0.36660154
5617,98,0.67696946
5618,45,1
5625,79,1
5629,79,1
5637,79,1
5639,98,1
5643,21,1
5647,51,1
5650,80,1
5652,16,1
5654,59,0.51178778
5654,70,0.48968269
5654,96,0.70589244
5655,79,1
5661,98,1
5664,79,1
5670,79,1
5674,70,1
5677,9,1
5678,59,1
5684,12,1
5689,42,1
5705,4,0.68732621
5705,9,0.72634887
5711,79,1
5712,62,1
5714,70,1
5718,86,1
5722,5,1
5725,70,1
5730,79,1
5731,79,1
5732,31,0.87782891
5732,79,0.47897433
5755,78,1
5756,70,1
5758,79,1
5759,79,1
5760,70,1
5763,4,1
5764,43,1
5767,59,1
5769,87,1
5772,5,0.90074644
5772,79,0.43434531
5773,70,1
5781,52,1
5783,79,1
5784,60,1
5786,12,1
5789,43,1
5791,79,1
5793,79,1
5795,29,1
5796,43,1
5797,59,1
5798,79,1
5800,40,1
5803,51,1
5804,9,0.58249477
5804,52,0.81283445
5805,42,1
5808,61,1
5809,6,0.34574323
5809,13,0.34574323
5809,17,0.71990072
5809,39,0.34179034
5809,73,0.35474715
5812,61,1
5813,93,1
5815,4,0.48627502
5815,9,0.51388308
5815,73,0.70672539
5819,43,0.56878663
5819,71,0.82248512
5820,79,1
5825,43,1
5830,53,0.8307298
5830,70,0.55667585
5833,79,0.460338
5833,89,0.88774373
5836,69,1
5837,70,1
5839,70,1
5841,0,0.40315689
5841,33,0.21008841
5841,34,0.21909121
5841,35,0.23177994
5841,38,0.21426718
5841,39,0.649759
5841,86,0.18939043
5841,91,0.43317267
5842,41,0.71493381
5842,96,0.69919213
5845,79,1
5848,92,1
5855,70,1
5859,65,0.88774373
5859,79,0.460338
5860,43,0.80924916
5860,79,0.58746558
5861,49,0.77280369
5861,59,0.51796495
5861,79,0.36672439
5862,49,0.77280369
5862,59,0.51796495
5862,79,0.36672439
5863,43,1
5864,59,1
5866,32,1
5867,70,0.44218571
5867,89,0.63100104
5867,96,0.6374241
5868,42,0.68888553
5868,89,0.72487015
5870,43,0.69501455
5870,80,0.71899567
5872,79,1
5873,43,0.69501455
5873,80,0.71899567
5874,80,1
5875,99,1
5876,16,1
5877,47,0.90074644
5877,79,0.43434531
5879,32,0.6914043
5879,68,0.72246805
5880,17,0.58317621
5880,78,0.47921905
5880,79,0.28121105
5880,95,0.59260017
5881,41,1
5882,70,0.59057484
5882,98,0.80698288
5883,70,1
5885,42,0.65623557
5885,49,0.75455608
5888,70,1
5889,70,1
5894,53,1
5898,79,1
5901,43,1
5902,9,0.46868985
5902,26,0.62103031
5902,71,0.62821269
5903,6,0.56148352
5903,49,0.594002
5903,72,0.57610579
5904,79,1
5905,64,1
5908,43,1
5909,10,0.57075753
5909,43,0.37912643
5909,70,0.37193723
5909,72,0.56250703
5909,79,0.27522269
5911,70,1
5912,56,0.3067578
5912,73,0.40614772
5912,79,0.19871941
5912,94,0.83752867
5914,12,0.82752902
5914,70,0.56142294
5916,10,0.90571643
5916,17,0.30190548
5916,92,0.29754132
5917,42,0.58191956
5917,56,0.49014056
5917,73,0.64894673
5919,61,1
5920,0,0.86901043
5920,4,0.16670259
5920,6,0.23612711
5920,9,0.17616706
5920,17,0.24582995
5920,22,0.23612711
5920,79,0.11854067
5921,10,1
5922,70,1
5923,6,0.56148352
5923,49,0.594002
5923,72,0.57610579
5925,4,0.28388429
5925,9,0.60000341
5925,11,0.34577503
5925,29,0.40211
5925,69,0.35142904
5925,96,0.39325619
5927,42,0.68396357
5927,59,0.52710352
5927,70,0.50433691
5928,79,1
5933,9,0.65337403
5933,86,0.75703525
5938,73,1
5942,91,1
5945,16,1
5946,79,1
5950,61,0.75616277
5950,78,0.65438358
5953,65,1
5955,43,1
5956,73,0.58638743
5956,78,0.48892543
5956,79,0.28690686
5956,99,0.57860709
5957,43,0.80924916
5957,79,0.58746558
5958,47,1
5962,0,0.87782891
5962,79,0.47897433
5966,33,0.5483042
5966,34,0.57180036
5966,38,0.55921025
5966,43,0.19771325
5966,79,0.14352777
5967,79,1
5969,32,1
5974,65,1
5976,9,0.82966043
5976,79,0.55826837
5977,79,1
5978,79,1
5979,97,1
5981,50,1
5984,43,1
5985,41,1
5987,43,0.80924916
5987,79,0.58746558
5990,41,0.94699865
5990,70,0.32123753
5991,4,0.24419294
5991,9,0.5161138
5991,11,0.59486083
5991,16,0.33486435
5991,23,0.30962669
5991,28,0.33486435
5992,59,1
5993,79,1
5994,78,1
5995,59,0.7225385
5995,70,0.69133068
5998,43,1
6000,35,1
6001,76,0.72246805
6001,90,0.6914043
6003,79,1
6004,79,1
6011,32,1
6020,96,1
6024,70,1
6029,79,1
6031,19,1
6034,79,1
6039,17,1
6044,79,1
6048,59,1
